Date,Open,High,Low,Close,Adj Close,Volume,,,
04-04-2013,1540.099976,1540.099976,1501,1507.800049,1383.489258,563169,,,
05-04-2013,1505,1509.349976,1484.099976,1498.349976,1374.818481,932624,,,
08-04-2013,1498.900024,1498.900024,1475,1480.75,1358.669434,448208,,,
09-04-2013,1480,1513,1477.599976,1497.400024,1373.946655,836177,,,
10-04-2013,1509.900024,1538.900024,1501,1530.449951,1404.271729,1023142,,,
11-04-2013,1540,1550.099976,1520.699951,1536.900024,1410.190063,1122329,,,
12-04-2013,1481.900024,1524.5,1478.349976,1511.75,1387.113647,2516030,,,
15-04-2013,1513.5,1514,1448.349976,1472.449951,1351.053589,2695748,,,
16-04-2013,1470,1493.449951,1457.949951,1483.150024,1360.871582,1535791,,,
17-04-2013,1495,1499,1431,1456.650024,1336.55603,2639502,,,
18-04-2013,1487.949951,1494.900024,1427.449951,1452.75,1332.977417,4277229,,,
22-04-2013,1452.75,1459.800049,1425,1425.300049,1307.791138,1481242,,,
23-04-2013,1424.449951,1448,1424,1430.550049,1312.608032,1692085,,,
25-04-2013,1430.550049,1430.550049,1398.650024,1402.300049,1286.6875,3964597,,,
26-04-2013,1393,1393.449951,1365.099976,1369.349976,1256.453735,2377038,,,
29-04-2013,1365,1384.699951,1365,1370.75,1257.738281,1984458,,,
30-04-2013,1368,1382,1365,1378.400024,1264.757935,2010285,,,
02-05-2013,1378.400024,1438.800049,1373.5,1433.900024,1315.681885,2815163,,,
03-05-2013,1426,1447.25,1407.900024,1418.5,1301.551758,1820895,,,
06-05-2013,1420,1472.400024,1420,1467.199951,1346.236694,1863559,,,
07-05-2013,1467.099976,1478.849976,1457.400024,1471.599976,1350.273804,1130090,,,
08-05-2013,1472,1487.800049,1470,1480.099976,1358.072998,884065,,,
09-05-2013,1483.199951,1503.449951,1483,1498.449951,1374.910278,974850,,,
10-05-2013,1498.449951,1510.900024,1491.099976,1495.900024,1372.570313,569857,,,
13-05-2013,1480,1481,1445.699951,1451.599976,1331.922974,931249,,,
14-05-2013,1455.099976,1470.550049,1443.75,1457.949951,1337.749023,1125050,,,
15-05-2013,1458.099976,1477.199951,1450,1471.550049,1350.227905,1782963,,,
16-05-2013,1469,1469,1447.449951,1454.050049,1334.170654,1207826,,,
17-05-2013,1455,1478.5,1454.099976,1473.800049,1352.292358,1450100,,,
20-05-2013,1471.25,1478,1461,1472.400024,1351.007813,692752,,,
21-05-2013,1465,1502,1465,1492.849976,1369.771851,949216,,,
22-05-2013,1498,1509.150024,1492.300049,1498.400024,1374.864258,923472,,,
23-05-2013,1495,1526.75,1478.349976,1492.699951,1369.634155,1531981,,,
24-05-2013,1500,1502.949951,1463.599976,1469.550049,1348.3927,793306,,,
27-05-2013,1469.5,1500,1460,1498,1374.497314,1011932,,,
28-05-2013,1498,1516.5,1490.300049,1514.099976,1389.27002,700127,,,
29-05-2013,1516,1527.5,1485.099976,1497.349976,1373.900757,726019,,,
30-05-2013,1500,1512,1487,1499.400024,1375.78186,1204173,,,
31-05-2013,1491,1509.25,1476.75,1498.449951,1374.910278,964934,,,
03-06-2013,1504,1507,1457.099976,1469.400024,1348.255249,1548806,,,
04-06-2013,1460,1473.900024,1450.150024,1465.349976,1344.539063,652660,,,
05-06-2013,1461.099976,1472.650024,1452.699951,1467.800049,1346.787109,864338,,,
06-06-2013,1453.699951,1478.5,1452.050049,1470.75,1361.55249,1270226,,,
07-06-2013,1470.099976,1539,1468,1518.949951,1406.17395,1775422,,,
10-06-2013,1525.050049,1544.699951,1519.099976,1525.050049,1411.821777,1680215,,,
11-06-2013,1530.199951,1542,1492,1501.550049,1390.066162,1102734,,,
12-06-2013,1494.099976,1495.099976,1462.050049,1468.099976,1359.099609,2402977,,,
13-06-2013,1460,1464,1435.099976,1445.650024,1338.316528,1575671,,,
14-06-2013,1448,1457.25,1431,1450.699951,1342.991455,1552998,,,
17-06-2013,1453,1465,1428,1452.449951,1344.61145,1292081,,,
18-06-2013,1455,1460,1440.150024,1443.800049,1336.60376,1145764,,,
19-06-2013,1454.900024,1454.900024,1423.550049,1427.699951,1321.699097,1069894,,,
20-06-2013,1421,1433.150024,1399.099976,1404.5,1300.221558,2086439,,,
21-06-2013,1408.800049,1431.849976,1408,1422.25,1316.653564,1424112,,,
24-06-2013,1415,1434.099976,1400.099976,1410.699951,1305.961304,944582,,,
25-06-2013,1413.5,1427.099976,1380.699951,1392.300049,1288.927368,930274,,,
26-06-2013,1396.900024,1447.75,1381.050049,1437.699951,1330.956543,1163244,,,
27-06-2013,1447.800049,1497,1442,1491.900024,1381.13269,1910339,,,
28-06-2013,1495,1524.300049,1458.199951,1518.150024,1405.433594,2408548,,,
01-07-2013,1512,1516.699951,1483.400024,1492.349976,1381.549072,677326,,,
02-07-2013,1493.099976,1508.5,1486.650024,1500.550049,1389.140259,828621,,,
03-07-2013,1497.699951,1519,1465,1489.800049,1379.188599,765453,,,
04-07-2013,1490.849976,1541,1490,1538.300049,1424.087158,958530,,,
05-07-2013,1542,1558,1522,1530.199951,1416.588989,646506,,,
08-07-2013,1528,1535,1500,1506.650024,1394.787354,829398,,,
09-07-2013,1495.300049,1521.75,1495.300049,1504.900024,1393.167236,548663,,,
10-07-2013,1510,1526.800049,1498,1511.949951,1399.693848,661312,,,
11-07-2013,1520,1570,1520,1564.550049,1448.388428,1167637,,,
12-07-2013,1595,1624.800049,1579.300049,1609.849976,1490.325317,1625768,,,
15-07-2013,1601.099976,1647.300049,1599.300049,1641.75,1519.856812,1030285,,,
16-07-2013,1625,1666.349976,1617.599976,1649.349976,1526.892212,1112493,,,
17-07-2013,1645.050049,1684.949951,1645.050049,1678.5,1553.87793,1499625,,,
18-07-2013,1680,1692.300049,1644,1660.400024,1537.12207,1722766,,,
19-07-2013,1719,1759,1700,1742.800049,1613.404053,4275402,,,
22-07-2013,1741,1758.800049,1728.300049,1746.5,1616.829468,1487386,,,
23-07-2013,1748,1780.449951,1743.599976,1749.800049,1619.884644,823251,,,
24-07-2013,1748.5,1792,1745,1782.800049,1650.434448,1090822,,,
25-07-2013,1780,1810,1766.699951,1795.75,1662.422974,2044404,,,
26-07-2013,1795,1798.949951,1750.099976,1774.5,1642.75061,1189532,,,
29-07-2013,1758,1794.599976,1757.25,1779.199951,1650.82312,887131,,,
30-07-2013,1780,1804.949951,1775.449951,1792.300049,1662.977539,1308742,,,
31-07-2013,1790,1831.5,1789.449951,1815.5,1684.503662,1413375,,,
01-08-2013,1810.050049,1834.800049,1790,1815.400024,1684.410889,1070589,,,
02-08-2013,1819.699951,1849.900024,1816.699951,1845.849976,1712.663818,923427,,,
05-08-2013,1840,1877.400024,1840,1867.199951,1732.473267,1177592,,,
06-08-2013,1873,1881.949951,1864.650024,1870.099976,1735.16394,1152645,,,
07-08-2013,1874,1890.900024,1813.449951,1822.699951,1691.184204,1347490,,,
08-08-2013,1805.099976,1856.150024,1783.699951,1845.400024,1712.245972,1079314,,,
12-08-2013,1845.400024,1845.400024,1808.150024,1814,1683.111572,1038787,,,
13-08-2013,1820.199951,1844.849976,1809.949951,1819.800049,1688.493408,1084148,,,
14-08-2013,1824.5,1858,1802,1833.5,1701.204956,1651034,,,
16-08-2013,1833.5,1833.5,1755.550049,1780.900024,1652.400146,1389965,,,
19-08-2013,1798,1807,1755.550049,1777.449951,1649.199097,1060676,,,
20-08-2013,1789.800049,1789.800049,1730,1736.400024,1611.11084,1362422,,,
21-08-2013,1740.099976,1743.699951,1701.150024,1717.800049,1593.853394,1811997,,,
22-08-2013,1705,1797.150024,1695.199951,1778.949951,1650.590576,2130494,,,
23-08-2013,1794,1838,1784.300049,1829.449951,1697.447021,2016442,,,
26-08-2013,1823.099976,1878.599976,1814,1842,1709.091187,1331619,,,
27-08-2013,1839,1878.849976,1830,1838.800049,1706.122559,972642,,,
28-08-2013,1828,1946.099976,1828,1907.900024,1770.236572,2222342,,,
29-08-2013,1901,1970,1878.300049,1947.099976,1806.608276,2952591,,,
30-08-2013,1939,2050,1930,2033.199951,1886.495605,2641471,,,
02-09-2013,2020,2069,2017.5,2056.850098,1908.439209,1077017,,,
03-09-2013,2050.100098,2067,1986.150024,2001.099976,1856.711914,1177532,,,
04-09-2013,2000,2078.800049,1993.949951,2069.100098,1919.80542,1313258,,,
05-09-2013,2069,2069,1981.050049,1990.75,1847.108521,1963746,,,
06-09-2013,2009,2025,1975,1988.800049,1845.299438,1379798,,,
10-09-2013,1988.800049,2016.699951,1981,1987.900024,1844.463989,2150486,,,
11-09-2013,2008,2018,1983.5,1993.800049,1849.938477,1504247,,,
12-09-2013,1995,1998.550049,1945.800049,1967.900024,1825.907471,952784,,,
13-09-2013,1965,1990,1946.550049,1953.75,1812.77832,1048160,,,
16-09-2013,1950,1985,1894.050049,1902.550049,1765.272461,1230253,,,
17-09-2013,1900,1952.550049,1897.099976,1947.449951,1806.932617,1663908,,,
18-09-2013,1942.050049,1964.800049,1937.900024,1954.5,1813.473999,1054909,,,
19-09-2013,1948,1990,1926.5,1966.300049,1824.422852,1953620,,,
20-09-2013,1950,1989.900024,1941,1950.300049,1809.577271,1795929,,,
23-09-2013,1950,1977.199951,1940,1955.099976,1814.030396,1494379,,,
24-09-2013,1955,1977.900024,1926,1939.5,1799.556396,2470150,,,
25-09-2013,1941.5,1970.949951,1920.199951,1959.050049,1817.696045,2166929,,,
26-09-2013,1954.800049,1974.099976,1935.099976,1942.900024,1802.71106,2459852,,,
27-09-2013,1943.099976,1961.949951,1937.449951,1948.099976,1807.536011,892333,,,
30-09-2013,1954,1961.849976,1920,1927.800049,1788.700562,993675,,,
01-10-2013,1932,1954.849976,1916.699951,1949.050049,1808.417236,795997,,,
03-10-2013,1949.050049,2036.900024,1949.050049,2024.599976,1878.515869,2336177,,,
04-10-2013,2032,2069,2026.949951,2033.599976,1886.866821,967016,,,
07-10-2013,2035,2097.699951,2025.300049,2089.75,1938.965454,996939,,,
08-10-2013,2083,2098,2056.550049,2061.449951,1912.707031,914053,,,
09-10-2013,2055.5,2097.649902,2045.099976,2090.850098,1939.98584,887929,,,
10-10-2013,2088,2098,2067.25,2080,1929.918457,582160,,,
11-10-2013,2103,2138,2082.399902,2122.050049,1968.93457,1142224,,,
14-10-2013,2127.5,2225,2125,2212.75,2053.090576,2187230,,,
15-10-2013,2235,2258.850098,2201,2215.399902,2055.548828,2332546,,,
17-10-2013,2215.399902,2230,2095.699951,2108.449951,1956.31604,3343607,,,
18-10-2013,2104.800049,2133.800049,2061.550049,2120.649902,1967.635864,2673083,,,
21-10-2013,2125,2127.949951,2050,2071.649902,1922.171021,1842686,,,
22-10-2013,2088,2107.649902,2076.850098,2089.350098,1938.594482,1022307,,,
23-10-2013,2088.5,2103,2046.150024,2061.149902,1912.428711,1227748,,,
24-10-2013,2042,2082.350098,2001.849976,2008.699951,1863.763428,1808879,,,
25-10-2013,1995,2072,1995,2067.75,1922.381104,1263701,,,
28-10-2013,2068,2089.800049,2052.550049,2063.949951,1918.8479,901971,,,
29-10-2013,2065,2085.800049,2047.900024,2069.800049,1924.286865,914538,,,
30-10-2013,2070.25,2100,2070.25,2091.949951,1944.879272,1057437,,,
31-10-2013,2089,2129,2079.399902,2112.050049,1963.566284,1761538,,,
01-11-2013,2110,2141.949951,2091.100098,2097.600098,1950.131836,673240,,,
05-11-2013,2097.600098,2105,2031.699951,2042,1898.441162,1130643,,,
06-11-2013,2063,2103.550049,2059.050049,2091.100098,1944.089233,833875,,,
07-11-2013,2100,2148.149902,2080.300049,2121.949951,1972.770386,978474,,,
08-11-2013,2130,2131.75,2071.199951,2090.850098,1943.856934,804673,,,
11-11-2013,2090,2140,2050,2094.649902,1947.389404,980569,,,
12-11-2013,2096.850098,2121.699951,2079,2087.149902,1940.41687,500341,,,
13-11-2013,2098.949951,2106.199951,2043.650024,2049,1904.948853,604169,,,
14-11-2013,2072,2072,2021.849976,2026.199951,1883.751953,1064852,,,
18-11-2013,2026.199951,2059.899902,2026.199951,2044,1900.300293,1415801,,,
19-11-2013,2049.949951,2055,2021.199951,2029.900024,1887.191895,1038932,,,
20-11-2013,2046.849976,2049.899902,2017,2023.599976,1881.334351,829348,,,
21-11-2013,2023.199951,2034.699951,1980,1986.599976,1846.935547,1151441,,,
22-11-2013,1991,2011,1985.099976,2000.849976,1860.183838,747247,,,
25-11-2013,2008,2026.849976,1993.099976,2013.25,1871.712036,975499,,,
26-11-2013,2003.099976,2016.449951,1987,1993.699951,1853.536865,1023706,,,
27-11-2013,2009,2013.699951,1975,1986.449951,1846.796143,1060489,,,
28-11-2013,1993.099976,1996.550049,1970,1984.599976,1845.07666,1402861,,,
29-11-2013,1992,2014.699951,1981.800049,2004.349976,1863.437744,962406,,,
02-12-2013,1995,2021,1995,2013.900024,1872.31665,626630,,,
03-12-2013,2016.050049,2042,2015.050049,2020.800049,1878.731445,724592,,,
04-12-2013,2019.900024,2031.599976,1993.650024,2000.050049,1859.440186,759518,,,
05-12-2013,2016,2033.550049,1983.050049,1987.150024,1847.447266,698595,,,
06-12-2013,1991,2010,1991,2000.300049,1859.672729,723481,,,
09-12-2013,2029,2029.949951,2000,2004.849976,1863.902832,913170,,,
10-12-2013,2000,2089,2000,2082.75,1936.325928,1826667,,,
11-12-2013,2079,2086.850098,2043,2058.050049,1913.362549,778031,,,
12-12-2013,2045,2064,2025.099976,2028.900024,1886.262085,827982,,,
13-12-2013,2037.949951,2045,1995,2001.800049,1861.067261,1731675,,,
16-12-2013,2013.699951,2039.800049,2005.150024,2019.150024,1877.197388,1429250,,,
17-12-2013,2031.599976,2065.850098,2030,2045.349976,1901.555542,1497737,,,
18-12-2013,2040,2071,2038,2055.800049,1911.27063,793995,,,
19-12-2013,2075.949951,2110,2062.649902,2081.5,1935.164307,1080993,,,
20-12-2013,2088.100098,2130,2085.850098,2120.550049,1971.468628,982906,,,
23-12-2013,2129.949951,2143.449951,2097.949951,2109.050049,1960.777222,660612,,,
24-12-2013,2119.800049,2129,2104.25,2110.699951,1962.311401,435078,,,
26-12-2013,2110.699951,2117,2091.449951,2100.300049,1952.64209,1148597,,,
27-12-2013,2107,2169.899902,2105,2160.649902,2008.749268,1239973,,,
30-12-2013,2170,2175.25,2146.699951,2156.050049,2004.4729,834388,,,
31-12-2013,2160.100098,2184.949951,2150.899902,2172.050049,2019.348389,622888,,,
01-01-2014,2180.100098,2184.5,2151.100098,2153.300049,2001.916626,264976,,,
02-01-2014,2166,2189,2156.149902,2167,2014.65332,863474,,,
03-01-2014,2164.699951,2229.100098,2147.25,2222.199951,2065.972168,1309087,,,
06-01-2014,2229,2244,2197,2239.600098,2082.149414,1155905,,,
07-01-2014,2240,2256.449951,2199,2206.149902,2051.051025,1448743,,,
08-01-2014,2212,2244,2210,2232.649902,2075.687744,1275010,,,
09-01-2014,2228.75,2255.5,2222.100098,2241.949951,2084.333984,1291103,,,
10-01-2014,2260,2309.800049,2235,2280.899902,2120.545898,1684667,,,
13-01-2014,2285,2384,2285,2368.75,2202.219482,1907158,,,
14-01-2014,2372,2384.800049,2320,2326.75,2163.172607,1487482,,,
15-01-2014,2342.449951,2378.199951,2327,2353.600098,2188.134521,1524427,,,
16-01-2014,2380,2380.100098,2325,2350.300049,2185.066406,1498981,,,
17-01-2014,2298,2298,2206.050049,2213.050049,2057.46582,3782378,,,
20-01-2014,2218.949951,2350,2215.5,2338.199951,2173.817139,3005279,,,
21-01-2014,2334,2339.25,2275.100098,2280.300049,2119.987549,1566141,,,
22-01-2014,2287.100098,2296.850098,2264.100098,2274.050049,2114.17749,1192015,,,
23-01-2014,2268.100098,2276.699951,2237.300049,2252.449951,2094.095703,1145381,,,
24-01-2014,2244,2283.25,2235,2248.699951,2090.609375,925133,,,
27-01-2014,2226,2259.5,2220.100098,2229.600098,2076.546387,1266474,,,
28-01-2014,2232,2247.850098,2196.100098,2212.350098,2060.480225,1426083,,,
29-01-2014,2240,2240,2205,2209.800049,2058.105469,849038,,,
30-01-2014,2198.050049,2227,2190,2217.600098,2065.370361,1112625,,,
31-01-2014,2225.100098,2269.800049,2221,2241.050049,2087.210449,1087123,,,
03-02-2014,2222,2244.25,2190.800049,2194.449951,2043.808838,681240,,,
04-02-2014,2174,2175,2112.050049,2151.350098,2003.667603,1347083,,,
05-02-2014,2163.800049,2200,2140,2194.399902,2043.761841,926825,,,
06-02-2014,2180,2189.899902,2145,2175.25,2025.927246,961326,,,
07-02-2014,2190,2195,2131,2144.399902,1997.194336,995456,,,
10-02-2014,2144,2144,2085.100098,2093.550049,1949.835571,2009635,,,
11-02-2014,2100,2126.5,2096,2101.699951,1957.425415,1784393,,,
12-02-2014,2118,2123.600098,2095,2105.449951,1960.918335,1537174,,,
13-02-2014,2107,2138.399902,2096.5,2133.75,1987.275757,1047175,,,
14-02-2014,2137.899902,2184.75,2128.100098,2167.899902,2019.081421,955031,,,
17-02-2014,2160,2186,2147.199951,2165.399902,2016.752808,835197,,,
18-02-2014,2165,2191,2155.850098,2166,2017.31189,763458,,,
19-02-2014,2170,2215,2162.25,2197.949951,2047.068726,536459,,,
20-02-2014,2206,2222,2182.800049,2189.350098,2039.059204,793962,,,
21-02-2014,2198,2213,2190.75,2205.699951,2054.286377,858930,,,
24-02-2014,2204,2205.25,2170.100098,2177.899902,2028.394775,1225212,,,
25-02-2014,2189,2199.5,2180,2188.899902,2038.639893,1652687,,,
26-02-2014,2194,2195,2177.149902,2182.149902,2032.353149,1929856,,,
28-02-2014,2182.149902,2280,2160.149902,2275.75,2119.527344,1994096,,,
03-03-2014,2271.800049,2299,2228,2240.050049,2086.278564,803039,,,
04-03-2014,2233.199951,2254,2224,2240.649902,2086.837402,1015166,,,
05-03-2014,2254.850098,2286.25,2242.550049,2251.899902,2097.315186,1151003,,,
06-03-2014,2252.850098,2260,2232.149902,2240.75,2086.930664,657281,,,
07-03-2014,2245.5,2250.050049,2152.800049,2228.5,2075.52124,2349236,,,
10-03-2014,2228.100098,2228.5,2135,2142.649902,1995.564819,1914884,,,
11-03-2014,2155,2177.649902,2122,2151.649902,2003.946899,1275127,,,
12-03-2014,2153,2189.75,2153,2179.449951,2029.838745,834894,,,
13-03-2014,2148.050049,2202,2136.850098,2149.550049,2001.991577,1009942,,,
14-03-2014,2141,2160.5,2124.300049,2139.550049,1992.677734,1080623,,,
18-03-2014,2139.550049,2151.800049,2104.25,2122,1976.332275,1282921,,,
19-03-2014,2075,2075,2013.050049,2039.400024,1899.40271,4326331,,,
20-03-2014,2038,2122.899902,2011.400024,2108.199951,1963.479614,2864478,,,
21-03-2014,2125,2145,2085,2127,1980.988647,2340388,,,
22-03-2014,null,null,null,null,null,null,,,
24-03-2014,2136.949951,2157.949951,2126.149902,2152.600098,2004.831909,1091507,,,
25-03-2014,2144,2172,2130,2146.649902,1999.290283,1124984,,,
26-03-2014,2148.050049,2158.5,2087.550049,2093.5,1949.788818,1596175,,,
27-03-2014,2100.949951,2115,2065.050049,2094.25,1950.486816,2506238,,,
28-03-2014,2097,2122.850098,2080.050049,2102.100098,1957.79834,1485581,,,
31-03-2014,2104,2144.949951,2082,2133.149902,1986.716675,1341634,,,
01-04-2014,2145,2185,2144.899902,2176.699951,2027.277222,1377966,,,
02-04-2014,2190,2202,2161.050049,2172.25,2023.133301,1881508,,,
03-04-2014,2172.850098,2182,2147.600098,2166.5,2017.777466,790597,,,
04-04-2014,2172,2187,2130,2138.850098,1992.025513,847328,,,
07-04-2014,2130.100098,2165.949951,2120.699951,2153.800049,2005.949585,1297493,,,
09-04-2014,2153.800049,2162,2105,2140.399902,1993.469116,1675250,,,
10-04-2014,2140.399902,2148.649902,2115.199951,2126.149902,1980.197266,1076443,,,
11-04-2014,2118,2174.899902,2100,2164.100098,2015.542114,1170371,,,
15-04-2014,2164.100098,2258,2164.100098,2252.75,2098.107178,1798622,,,
16-04-2014,2264,2264,2184.199951,2196.300049,2045.532104,1737955,,,
17-04-2014,2220,2227,2142.699951,2222.899902,2070.305908,3840719,,,
21-04-2014,2222.899902,2242.899902,2211.300049,2221.75,2069.235107,921297,,,
22-04-2014,2233.949951,2249.899902,2219.899902,2221.050049,2068.582764,743137,,,
23-04-2014,2231.399902,2243.899902,2201.100098,2213.75,2061.783691,969496,,,
24-04-2014,2213.75,2213.75,2213.75,2213.75,2061.783691,0,,,
25-04-2014,2227,2235,2193.199951,2205.25,2053.867432,1580224,,,
28-04-2014,2205.25,2222.699951,2180.100098,2191.350098,2040.922119,1275383,,,
29-04-2014,2186,2206.350098,2176.899902,2194.25,2043.622803,923090,,,
30-04-2014,2185.100098,2205.600098,2181,2189.199951,2038.919189,1198689,,,
02-05-2014,2189.199951,2219.899902,2181.25,2208.449951,2056.847656,958889,,,
05-05-2014,2210.800049,2229,2204.149902,2213.699951,2061.737549,657239,,,
06-05-2014,2213.699951,2221.600098,2190,2198.899902,2047.953369,480616,,,
07-05-2014,2191.050049,2203,2140.100098,2165.550049,2016.892944,2358091,,,
08-05-2014,2165.100098,2181.800049,2147.649902,2162.050049,2013.632935,1303450,,,
09-05-2014,2152,2184.699951,2152,2159.899902,2011.630493,899720,,,
12-05-2014,2153,2166.699951,2123.149902,2159.350098,2011.118286,1443032,,,
13-05-2014,2165.800049,2239,2165.800049,2210.949951,2059.17627,1273742,,,
14-05-2014,2214.399902,2237.699951,2201.100098,2216.100098,2063.9729,694614,,,
15-05-2014,2216.100098,2225,2171.149902,2193.149902,2042.5979,1260098,,,
16-05-2014,2200.050049,2253.399902,2100.25,2160.75,2012.422485,2620899,,,
19-05-2014,2150,2160,1999.5,2036.699951,1896.887817,3258303,,,
20-05-2014,2028,2160,2028,2068.199951,1926.22522,2351057,,,
21-05-2014,2061.199951,2089,2055.800049,2082.850098,1939.869629,2058473,,,
22-05-2014,2096.75,2124,2075.100098,2111.949951,1966.97229,2108421,,,
23-05-2014,2119,2149,2096,2127.899902,1981.826538,1547390,,,
26-05-2014,2149,2169.600098,2133.600098,2154,2006.135376,1325425,,,
27-05-2014,2160.149902,2184.600098,2118,2131.449951,1985.133545,897547,,,
28-05-2014,2140,2158.75,2122.449951,2150.550049,2002.922119,943744,,,
29-05-2014,2145,2180,2135.199951,2159.949951,2011.676636,1410355,,,
30-05-2014,2158.800049,2167,2130.149902,2141.350098,1994.354126,1292824,,,
02-06-2014,2144,2157.75,2116.050049,2129.850098,1983.643555,547579,,,
03-06-2014,2129.850098,2138,2105.199951,2128.600098,1982.479126,1242314,,,
04-06-2014,2130,2134.899902,2077,2089.25,1945.830444,1070531,,,
05-06-2014,2083.100098,2116.399902,2068,2104.149902,1959.707275,2174235,,,
06-06-2014,2100.149902,2107.800049,2056,2084.25,1959.801636,1680793,,,
09-06-2014,2087,2118,2080,2113.800049,1987.58728,1333098,,,
10-06-2014,2115,2160.949951,2115,2158.149902,2029.28894,1314034,,,
11-06-2014,2165,2214,2138.199951,2206.949951,2075.175781,1772281,,,
12-06-2014,2249,2254,2183.800049,2237.350098,2103.760498,1367169,,,
13-06-2014,2238,2239,2185.050049,2213.550049,2081.381348,952011,,,
16-06-2014,2210,2276.949951,2210,2269.75,2134.225586,1219953,,,
17-06-2014,2284.899902,2297,2271,2279.850098,2143.723145,959072,,,
18-06-2014,2293,2293,2221.300049,2227.050049,2094.075195,974412,,,
19-06-2014,2230,2289,2210.100098,2276.050049,2140.149658,948177,,,
20-06-2014,2284.899902,2299,2262,2292.399902,2155.523193,577837,,,
23-06-2014,2293,2299.899902,2254.050049,2268.850098,2133.379639,631367,,,
24-06-2014,2269,2319.5,2255,2309.050049,2171.179199,739550,,,
25-06-2014,2310,2320,2293,2310.550049,2172.589355,514211,,,
26-06-2014,2296,2344.149902,2291.149902,2307.649902,2169.862305,1018091,,,
27-06-2014,2317,2406.899902,2315,2399.550049,2256.275146,1529418,,,
30-06-2014,2400.550049,2435,2376.600098,2425.399902,2280.581299,1073235,,,
01-07-2014,2418.899902,2419,2382.300049,2390.75,2248.000977,546395,,,
02-07-2014,2400,2411.75,2383.5,2401.600098,2258.203125,453870,,,
03-07-2014,2399,2445,2392,2417.899902,2273.529297,763381,,,
04-07-2014,2412.399902,2425.5,2401,2410.5,2266.571533,268068,,,
07-07-2014,2420.050049,2498,2410.399902,2488.550049,2339.961426,1102451,,,
08-07-2014,2484.949951,2486.149902,2433.25,2449.449951,2303.196045,1250294,,,
09-07-2014,2470,2472.649902,2381.600098,2398.149902,2254.958984,777121,,,
10-07-2014,2399.550049,2419.600098,2335,2351.800049,2211.376953,995281,,,
11-07-2014,2371,2410,2361.100098,2394.449951,2251.480469,664723,,,
14-07-2014,2418.800049,2439,2385.25,2426.25,2281.381348,793962,,,
15-07-2014,2426.199951,2430,2393.75,2399.300049,2256.040283,694828,,,
16-07-2014,2409.649902,2424,2386.850098,2401.850098,2258.438232,703620,,,
17-07-2014,2410,2429.800049,2375,2381.949951,2239.726318,895110,,,
18-07-2014,2452,2485,2435,2441.199951,2295.438477,1753744,,,
21-07-2014,2468,2469.850098,2443.050049,2463.75,2316.642334,490536,,,
22-07-2014,2465,2540,2461.899902,2532.399902,2381.193359,1199508,,,
23-07-2014,2540,2596.300049,2532.300049,2586.149902,2431.733398,1032929,,,
24-07-2014,2594.899902,2602,2567,2595.199951,2440.243652,740709,,,
25-07-2014,2594,2614.350098,2567,2605.75,2450.163818,903457,,,
28-07-2014,2577.149902,2599.649902,2555,2589.300049,2439.376709,657461,,,
30-07-2014,2589.300049,2610,2572.600098,2595.050049,2444.793457,949626,,,
31-07-2014,2575.100098,2598,2569.25,2580.050049,2430.661865,1203605,,,
01-08-2014,2575,2587.949951,2510,2516.399902,2370.697754,1190941,,,
04-08-2014,2532,2541.899902,2488,2526.050049,2379.78833,914318,,,
05-08-2014,2544.899902,2545,2490.100098,2523.699951,2377.574219,702328,,,
06-08-2014,2516.149902,2534.850098,2490.25,2506.649902,2361.511719,918781,,,
07-08-2014,2490,2495,2459.050049,2469.800049,2326.795898,836328,,,
08-08-2014,2465,2507.699951,2465,2478.699951,2335.18042,732395,,,
11-08-2014,2490.899902,2495.550049,2455,2468.399902,2325.476563,645448,,,
12-08-2014,2489.899902,2489.899902,2440.199951,2471.75,2328.632813,492276,,,
13-08-2014,2470,2530,2470,2500.050049,2355.293945,1384189,,,
14-08-2014,2514,2532,2490.050049,2499.75,2355.011475,789028,,,
18-08-2014,2499.75,2505,2470,2487.600098,2343.564697,686630,,,
19-08-2014,2500,2504.899902,2435,2438.5,2297.307617,1617078,,,
20-08-2014,2444.5,2455.050049,2430.050049,2436.199951,2295.140869,1028379,,,
21-08-2014,2447,2460,2430,2432.449951,2291.608154,1132725,,,
22-08-2014,2444,2468.199951,2435.800049,2464.199951,2321.520264,1548119,,,
25-08-2014,2470,2528.5,2466.899902,2522.050049,2376.020508,1571756,,,
26-08-2014,2529,2550,2500,2533.800049,2387.089844,907745,,,
27-08-2014,2534,2567.399902,2514.050049,2549.949951,2402.305176,717730,,,
28-08-2014,2547,2549.300049,2513,2522.350098,2376.302979,883144,,,
01-09-2014,2522.350098,2560,2522.350098,2537.149902,2390.246094,405074,,,
02-09-2014,2545.800049,2554.800049,2514.100098,2537.899902,2390.952881,703970,,,
03-09-2014,2539,2616,2539,2606.399902,2455.48584,1530845,,,
04-09-2014,2622,2627.449951,2577.449951,2584.75,2435.090088,850799,,,
05-09-2014,2599.899902,2621.800049,2583.050049,2598.600098,2448.138184,733530,,,
08-09-2014,2612,2650,2599.050049,2642.699951,2489.684326,848671,,,
09-09-2014,2652,2667,2625.100098,2631.25,2478.897217,709049,,,
10-09-2014,2638,2642.75,2591.199951,2600.149902,2449.5979,629384,,,
11-09-2014,2610,2624.399902,2591.5,2598.350098,2447.902344,537811,,,
12-09-2014,2610,2624.350098,2593.199951,2607.600098,2456.616699,598105,,,
15-09-2014,2614,2618.600098,2554,2558.300049,2410.171875,575772,,,
16-09-2014,2566,2575,2544,2550.850098,2403.152588,767804,,,
17-09-2014,2561,2604.75,2561,2591.199951,2441.166504,828850,,,
18-09-2014,2591.699951,2651.800049,2581,2642.300049,2489.307861,741539,,,
19-09-2014,2643,2740,2642,2714.199951,2557.044189,1793932,,,
22-09-2014,2714,2734,2676.25,2721.800049,2564.204346,499792,,,
23-09-2014,2724,2782.449951,2683.300049,2688.199951,2532.549805,1027995,,,
24-09-2014,2693,2706.949951,2632.75,2643,2489.967285,1221066,,,
25-09-2014,2660.949951,2725,2660,2708.600098,2551.769043,1236579,,,
26-09-2014,2710,2724.899902,2670.100098,2684,2528.593262,806356,,,
29-09-2014,2695.399902,2775.449951,2675.300049,2767.949951,2607.681885,1044767,,,
30-09-2014,2772.949951,2776.649902,2708.149902,2736.600098,2578.147705,1394477,,,
01-10-2014,2752,2802,2737,2775.600098,2614.889404,1071011,,,
07-10-2014,2775.600098,2839.699951,2725.600098,2731.350098,2573.202148,1728837,,,
08-10-2014,2738,2739.949951,2649.25,2683.199951,2527.839355,981221,,,
09-10-2014,2708,2723.300049,2686.5,2706.050049,2549.366699,842588,,,
10-10-2014,2706,2727.449951,2668.5,2678.5,2523.411621,1172181,,,
13-10-2014,2680,2724.800049,2670,2716.550049,2559.258301,1104766,,,
14-10-2014,2730,2735.699951,2678.800049,2699.199951,2542.913086,1184703,,,
15-10-2014,2699.199951,2699.199951,2699.199951,2699.199951,2542.913086,0,,,
16-10-2014,2730,2758.600098,2664.25,2678.100098,2523.034424,1924007,,,
17-10-2014,2475,2511.350098,2430,2441.149902,2299.803955,4946406,,,
20-10-2014,2490,2493.600098,2417.949951,2423.300049,2282.987793,1699621,,,
21-10-2014,2425.850098,2443.75,2415,2433.399902,2292.503418,975366,,,
22-10-2014,2485,2489,2445.100098,2451.850098,2309.885254,1033832,,,
27-10-2014,2451.850098,2519.699951,2444.949951,2457.149902,2314.878174,1398604,,,
28-10-2014,2484.899902,2484.899902,2453.449951,2478.600098,2335.086182,1144979,,,
29-10-2014,2475,2514,2473,2506.050049,2365.718994,1212508,,,
30-10-2014,2521.800049,2574.899902,2509,2558.199951,2414.948486,2055646,,,
31-10-2014,2561,2620,2561,2607.850098,2461.818848,1585035,,,
03-11-2014,2649,2649,2580.5,2590.350098,2445.298096,1270816,,,
05-11-2014,2590.350098,2638,2590,2599.5,2453.936279,1155321,,,
07-11-2014,2599.5,2615.699951,2557,2572.850098,2428.778564,1063370,,,
10-11-2014,2575.100098,2582,2551,2569.649902,2425.757568,770982,,,
11-11-2014,2578,2594,2555.399902,2580.699951,2436.188477,624970,,,
12-11-2014,2580,2611,2575,2591.75,2446.619873,660291,,,
13-11-2014,2595,2604.899902,2565.149902,2588.449951,2443.504395,822770,,,
14-11-2014,2585.199951,2611.149902,2575,2606.449951,2460.49707,728587,,,
17-11-2014,2595.100098,2625,2592.25,2618.300049,2471.683594,785276,,,
18-11-2014,null,null,null,null,null,null,,,
19-11-2014,2598,2598,2557.449951,2573.75,2429.627686,932873,,,
20-11-2014,2588,2610.25,2560.550049,2605.449951,2459.552979,897693,,,
21-11-2014,2608,2640,2586.649902,2622.149902,2475.317383,1000797,,,
24-11-2014,2622,2665,2622,2657.699951,2508.877441,971383,,,
25-11-2014,2660,2679.399902,2616,2636,2488.39209,1185842,,,
26-11-2014,2630.050049,2656.350098,2615,2627.300049,2480.178955,792400,,,
27-11-2014,2627.300049,2668,2625.300049,2653.300049,2504.723389,866209,,,
28-11-2014,2658.350098,2691.899902,2635.350098,2643,2495.000244,994884,,,
01-12-2014,2650.5,2700,2645.25,2692.949951,2542.152832,948177,,,
02-12-2014,2693,2710.949951,2649.350098,2657.300049,2508.499023,718286,,,
03-12-2014,2671.899902,2673.399902,2618.5,2635.350098,2487.778809,1547335,,,
04-12-2014,2664,2667,2629.899902,2637.949951,2490.233154,642654,,,
05-12-2014,2640.899902,2649.800049,2572.149902,2578.949951,2434.537109,1179838,,,
08-12-2014,2595,2595,2501.649902,2512.800049,2372.09082,1616287,,,
09-12-2014,2516,2559,2509.100098,2514.850098,2374.026123,1243970,,,
10-12-2014,2515,2531.899902,2496.199951,2507.899902,2367.465332,1043985,,,
11-12-2014,2500.600098,2522.899902,2487,2492.149902,2352.597412,969411,,,
12-12-2014,2500,2520,2422.649902,2450.699951,2313.468262,1190393,,,
15-12-2014,2384.899902,2385,2352.25,2358.649902,2226.572754,1743894,,,
16-12-2014,2350,2459.25,2345,2443.050049,2306.246338,1669570,,,
17-12-2014,2453.399902,2470,2405.25,2444.100098,2307.238037,1143538,,,
18-12-2014,2455.100098,2468.5,2434.800049,2460.699951,2322.908691,740722,,,
19-12-2014,2471.300049,2523.75,2468,2510.550049,2369.966797,951565,,,
22-12-2014,2526,2529,2474.399902,2513.399902,2372.657471,821977,,,
23-12-2014,2500,2536.649902,2494.600098,2516.699951,2375.772461,633238,,,
24-12-2014,2515,2520.850098,2465.649902,2479.899902,2341.033691,1644486,,,
26-12-2014,2479.899902,2510,2465,2505,2364.727783,313103,,,
29-12-2014,2508,2536.949951,2507,2522.899902,2381.625244,389460,,,
30-12-2014,2525,2542.449951,2516,2530.050049,2388.375244,350671,,,
31-12-2014,2532.699951,2566.399902,2525,2558.25,2414.99585,786896,,,
01-01-2015,2567,2567,2541,2545.550049,2403.007568,183415,,,
02-01-2015,2551,2590.949951,2550.600098,2579.449951,2435.008789,462870,,,
05-01-2015,2581,2599.899902,2524.649902,2540.25,2398.003906,877121,,,
06-01-2015,2529.100098,2529.100098,2440,2446.600098,2309.598145,1211892,,,
07-01-2015,2470,2479.149902,2407.449951,2417.699951,2282.316406,1318166,,,
08-01-2015,2442.399902,2449,2420.550049,2443.800049,2306.955078,782704,,,
09-01-2015,2455,2519.899902,2450,2512.300049,2371.619141,1598821,,,
12-01-2015,2517,2528,2480.25,2509.699951,2369.164307,798003,,,
13-01-2015,2520,2530.399902,2480.100098,2497.899902,2358.025879,734216,,,
14-01-2015,2516,2531.800049,2500.5,2521.949951,2380.72876,893548,,,
15-01-2015,2533,2581.75,2523.25,2539.100098,2396.918213,2504960,,,
16-01-2015,2543.699951,2545,2484.300049,2532.149902,2390.357422,2646915,,,
19-01-2015,2536,2551,2503,2511,2370.39209,567537,,,
20-01-2015,2520,2530,2483.25,2500.449951,2360.432617,1029283,,,
21-01-2015,2522,2522,2488.25,2513.800049,2373.035156,1155240,,,
22-01-2015,2516.5,2521.25,2495.5,2513.550049,2372.799316,1056607,,,
23-01-2015,2514,2532.050049,2496.100098,2503.600098,2363.406738,1575190,,,
27-01-2015,2503.600098,2515,2489.550049,2502.050049,2366.669189,1369368,,,
28-01-2015,2503,2544.899902,2502.899902,2539.600098,2402.187744,1560990,,,
29-01-2015,2538,2568.699951,2512.899902,2544.649902,2406.964355,1867196,,,
30-01-2015,2560.699951,2575,2470,2482.050049,2347.751465,2908701,,,
02-02-2015,2482,2521.449951,2462.050049,2514.199951,2378.161865,1590901,,,
03-02-2015,2511.649902,2565,2507.100098,2558.25,2419.828857,1172527,,,
04-02-2015,2568,2571.699951,2502.100098,2514.300049,2378.256836,1122709,,,
05-02-2015,2520,2591.699951,2519,2552.399902,2414.295166,2265084,,,
06-02-2015,2553,2594.800049,2550.850098,2575.75,2436.38208,1068208,,,
09-02-2015,2561.5,2569.100098,2500,2512.899902,2376.932373,1038216,,,
10-02-2015,2510,2526.25,2433,2441.149902,2309.064697,1899527,,,
11-02-2015,2455.050049,2487.25,2447.25,2459.899902,2326.800537,1468761,,,
12-02-2015,2479.800049,2479.800049,2447,2462.149902,2328.928223,1553990,,,
13-02-2015,2470,2547.75,2460.25,2538.75,2401.383545,2079163,,,
16-02-2015,2560,2595,2555,2584.800049,2444.941895,1182196,,,
18-02-2015,2584.800049,2643,2565.25,2635.649902,2493.040771,1330007,,,
19-02-2015,2636,2687.300049,2635,2681.050049,2535.984131,1309001,,,
20-02-2015,2698.800049,2698.800049,2642.25,2675.550049,2530.781982,900794,,,
23-02-2015,2671,2722,2671,2696.649902,2550.73999,807446,,,
24-02-2015,2694,2730,2679,2704.75,2558.4021,1099961,,,
25-02-2015,2710,2722,2667.850098,2672.199951,2527.612793,883997,,,
26-02-2015,2679,2692.75,2625.350098,2656.449951,2512.715088,995997,,,
27-02-2015,2659.449951,2675.75,2616.300049,2662.350098,2518.295654,1438688,,,
28-02-2015,null,null,null,null,null,null,,,
02-03-2015,2679.699951,2708.949951,2652.550049,2669.399902,2524.964355,1088019,,,
03-03-2015,2682,2790,2676.149902,2776,2625.796631,1712154,,,
04-03-2015,2788,2812.100098,2715.649902,2746,2597.419922,1931497,,,
05-03-2015,2750,2770.699951,2681.050049,2696.449951,2550.550781,1086757,,,
09-03-2015,2696.449951,2696.449951,2610,2646.800049,2503.587402,1441587,,,
10-03-2015,2648.899902,2678.25,2595.25,2642.699951,2499.708984,1518526,,,
11-03-2015,2642,2659.949951,2597.800049,2606.550049,2465.515381,1120100,,,
12-03-2015,2623.899902,2624.899902,2590.100098,2619.050049,2477.338623,913818,,,
13-03-2015,2638,2639.949951,2575,2582.350098,2442.624756,793419,,,
16-03-2015,2585.199951,2610,2552,2562.300049,2423.65918,778148,,,
17-03-2015,2582.5,2606.699951,2557.75,2583.699951,2443.901123,633659,,,
18-03-2015,2590.949951,2599.449951,2551.699951,2559.350098,2420.869385,627585,,,
19-03-2015,2576,2605.850098,2568.100098,2596.25,2455.772705,1224482,,,
20-03-2015,2596,2618,2578.850098,2610.949951,2469.677002,981954,,,
23-03-2015,2616,2631,2606,2617.149902,2475.541504,783304,,,
24-03-2015,2630,2637,2582.100098,2591.300049,2451.090332,1197439,,,
25-03-2015,2591.399902,2614,2545.199951,2573.75,2434.489746,1112429,,,
26-03-2015,2553.300049,2586.699951,2501,2513.100098,2377.121582,1545821,,,
27-03-2015,2531,2571.899902,2504.100098,2514.800049,2378.729492,1375888,,,
30-03-2015,2525,2569.899902,2520,2564.149902,2425.409424,669503,,,
31-03-2015,2569.449951,2569.449951,2521,2553.949951,2415.760986,1213514,,,
01-04-2015,2558,2563.600098,2522.25,2542.649902,2405.07251,1037879,,,
06-04-2015,2542.649902,2562.899902,2500.100098,2547.300049,2409.470947,784271,,,
07-04-2015,2562.449951,2599,2544,2585,2445.131348,943461,,,
08-04-2015,2594,2656.5,2590.850098,2641.399902,2498.479248,826067,,,
09-04-2015,2659,2687.449951,2635.149902,2664.550049,2520.377197,1272225,,,
10-04-2015,2648.5,2670.800049,2628,2653.75,2510.161133,907772,,,
13-04-2015,2664,2665,2628,2655.5,2511.816895,654321,,,
15-04-2015,2655.5,2713.899902,2609.399902,2627.75,2485.568115,1456967,,,
16-04-2015,2626.949951,2627,2571.350098,2582.800049,2443.049805,1608785,,,
17-04-2015,2557.100098,2560,2470,2474.850098,2340.941406,4834371,,,
20-04-2015,2480.050049,2483.899902,2424.850098,2428.800049,2297.383301,1445361,,,
21-04-2015,2428.800049,2452,2401,2427.050049,2295.727783,1273016,,,
22-04-2015,2431.5,2473,2407.550049,2445.100098,2312.800781,2093406,,,
23-04-2015,2472,2479.800049,2431.699951,2457.25,2324.293701,2171495,,,
24-04-2015,2455.300049,2514,2447.550049,2493.050049,2358.156738,1812579,,,
27-04-2015,2499.5,2520,2486,2500.199951,2364.919678,1366526,,,
28-04-2015,2510,2510,2455.100098,2495,2360.000732,1544149,,,
29-04-2015,2484,2495,2451.050049,2487.300049,2352.717773,1009810,,,
30-04-2015,2480,2490,2427.100098,2463.699951,2330.394287,1869027,,,
04-05-2015,2463.699951,2504.800049,2457.199951,2481.550049,2347.279297,945315,,,
05-05-2015,2501,2536.449951,2500,2517.850098,2381.614746,1627535,,,
06-05-2015,2515,2515,2455.800049,2463.050049,2329.779541,1697203,,,
07-05-2015,2464.899902,2553.75,2453.699951,2545.25,2407.531982,1602514,,,
08-05-2015,2560,2588,2516.300049,2527.25,2390.505859,1501832,,,
11-05-2015,2535,2563.050049,2525,2556,2417.700684,1286541,,,
12-05-2015,2560,2565,2513,2522.899902,2386.391113,1233693,,,
13-05-2015,2547,2547,2480.449951,2515.399902,2379.297119,931887,,,
14-05-2015,2520,2520,2485,2499.25,2364.02124,654525,,,
15-05-2015,2515,2532.399902,2501,2511.149902,2375.276611,730727,,,
18-05-2015,2514.100098,2525.25,2497.100098,2520.399902,2384.026123,2253876,,,
19-05-2015,2519.399902,2530,2496.75,2512.699951,2376.743164,978861,,,
20-05-2015,2520,2569.899902,2516.899902,2557.050049,2418.693115,948907,,,
21-05-2015,2557,2580,2548.149902,2555.5,2417.227539,789789,,,
22-05-2015,2550,2628.75,2539.25,2617.899902,2476.251221,1345816,,,
25-05-2015,2620,2636.899902,2585.699951,2601,2460.265625,491489,,,
26-05-2015,2605,2623.25,2588.899902,2608.850098,2467.690918,980870,,,
27-05-2015,2608,2633.149902,2592,2615.25,2473.744141,810345,,,
28-05-2015,2603.899902,2623,2582.25,2609.5,2468.305908,1381804,,,
29-05-2015,2617,2648.600098,2597.25,2610.300049,2469.062012,2211766,,,
01-06-2015,2609.449951,2647.100098,2608.350098,2617.75,2476.109131,441132,,,
02-06-2015,2616,2630,2590.5,2599.899902,2459.225342,1967910,,,
03-06-2015,2604,2625.600098,2590.5,2610.899902,2469.629883,902342,,,
04-06-2015,2617.100098,2622.800049,2588.5,2605.649902,2464.663818,2065734,,,
05-06-2015,2592,2609,2570,2575.850098,2459.126953,1154267,,,
08-06-2015,2590,2590,2561.649902,2577.449951,2460.654541,785160,,,
09-06-2015,2585,2590,2551,2561.649902,2445.569824,1289457,,,
10-06-2015,2566,2610,2563.800049,2600.75,2482.898438,1381675,,,
11-06-2015,2605.5,2613,2556.75,2571.300049,2454.782959,923668,,,
12-06-2015,2571.899902,2588.949951,2476.800049,2505.800049,2392.250977,1285728,,,
15-06-2015,2505.300049,2520.449951,2481,2504.800049,2391.296631,1262588,,,
16-06-2015,2500,2519.300049,2494.449951,2512,2398.170166,633698,,,
17-06-2015,2521,2529.149902,2501.800049,2513.800049,2399.888672,987860,,,
18-06-2015,2515,2546.300049,2508,2530.050049,2415.401855,1082523,,,
19-06-2015,2535,2555,2527.100098,2549.550049,2434.018799,999805,,,
22-06-2015,2547,2600,2547,2591.5,2474.067383,551001,,,
23-06-2015,2600,2608,2567.199951,2574.600098,2457.93335,449159,,,
24-06-2015,2580,2587.899902,2558.850098,2570.300049,2453.828369,585123,,,
25-06-2015,2562,2573,2544.149902,2550,2434.447998,965496,,,
26-06-2015,2550.199951,2596.350098,2550.199951,2592.800049,2475.308594,645051,,,
29-06-2015,2572,2604,2543.399902,2592.899902,2475.404297,686378,,,
30-06-2015,2585,2588.75,2540,2550.949951,2435.35498,774976,,,
01-07-2015,2563.899902,2608,2556.75,2593.100098,2475.595215,639854,,,
02-07-2015,2600,2602.949951,2571.050049,2577.75,2460.940674,722940,,,
03-07-2015,2573.050049,2610,2570,2603.899902,2485.905273,481735,,,
06-07-2015,2580.300049,2645,2580.300049,2633.300049,2513.973633,591169,,,
07-07-2015,2632.75,2646.899902,2603,2616.25,2497.696045,821418,,,
08-07-2015,2597.949951,2621.699951,2580.5,2595.100098,2477.504639,1333925,,,
09-07-2015,2595,2598.25,2506.649902,2522.5,2408.194092,1967061,,,
10-07-2015,2559,2559,2455,2474.350098,2362.226563,4131827,,,
13-07-2015,2475.399902,2518.600098,2475.399902,2509.550049,2395.831055,1140154,,,
14-07-2015,2511,2515,2490,2499.5,2386.236572,851637,,,
15-07-2015,2501,2549.949951,2500,2545.75,2430.390625,1001830,,,
16-07-2015,2543.699951,2558.850098,2526.600098,2540.199951,2425.092529,728304,,,
17-07-2015,2546.800049,2570.100098,2543.300049,2564.399902,2448.195557,535263,,,
20-07-2015,2564,2583.899902,2551.899902,2579.149902,2467.56958,426893,,,
21-07-2015,2576,2600.350098,2555.100098,2561.399902,2450.587158,637250,,,
22-07-2015,2561,2569,2521.050049,2528.050049,2418.680176,660314,,,
23-07-2015,2517.5,2537.850098,2483,2488.600098,2380.937256,748390,,,
24-07-2015,2497.5,2516.5,2492.100098,2505.149902,2396.77124,787486,,,
27-07-2015,2488,2505,2481.149902,2497.050049,2389.021484,1001869,,,
28-07-2015,2499.5,2519,2492.149902,2502.050049,2393.804932,945594,,,
29-07-2015,2511,2515.050049,2483.5,2506.75,2398.301514,1206659,,,
30-07-2015,2516.050049,2516.800049,2472.800049,2480.649902,2373.331055,1385287,,,
31-07-2015,2489.899902,2519,2487,2510.75,2402.128906,981888,,,
03-08-2015,2503.399902,2525,2500.899902,2509.600098,2401.028564,589662,,,
04-08-2015,2510.399902,2523,2486,2508.899902,2400.358643,1171346,,,
05-08-2015,2520,2550,2511,2547.149902,2436.954102,494497,,,
06-08-2015,2565,2583,2550.100098,2573.300049,2461.972412,1105683,,,
07-08-2015,2573,2573,2547,2552.050049,2441.642334,594253,,,
10-08-2015,2572,2589,2556.600098,2572.100098,2460.824707,715591,,,
11-08-2015,2578,2610,2542.100098,2604.199951,2491.535889,1100153,,,
12-08-2015,2603.100098,2691.399902,2602,2671.699951,2556.115479,1739892,,,
13-08-2015,2670,2684,2556,2635.600098,2521.577637,703213,,,
14-08-2015,2638,2719.350098,2637.100098,2703.199951,2586.252686,1146982,,,
17-08-2015,2690.100098,2696.800049,2655,2684.75,2568.60083,386822,,,
18-08-2015,2706.899902,2749.899902,2690,2740.899902,2622.322021,958463,,,
19-08-2015,2750,2752.850098,2721.899902,2733.600098,2615.337891,845035,,,
20-08-2015,2745,2745,2672,2686.850098,2570.610596,1174649,,,
21-08-2015,2712,2729.899902,2655.100098,2676.149902,2560.373047,1768040,,,
24-08-2015,2639,2645,2569.100098,2578.649902,2467.091064,2346172,,,
25-08-2015,2587.899902,2622,2535.5,2567.149902,2456.088379,1962900,,,
26-08-2015,2558.050049,2639,2511.949951,2576.75,2465.273193,1608079,,,
27-08-2015,2614.899902,2614.899902,2545.800049,2574.649902,2463.264404,2632399,,,
28-08-2015,2609,2609,2557.699951,2570.850098,2459.628662,1372076,,,
31-08-2015,2590,2590,2531.050049,2564.050049,2453.123047,1846022,,,
01-09-2015,2556,2611.199951,2530,2537.399902,2427.625732,1493801,,,
02-09-2015,2559.699951,2620.449951,2548,2591.800049,2479.671875,1882975,,,
03-09-2015,2596.100098,2615,2576.25,2605.600098,2492.875244,1132537,,,
04-09-2015,2611.399902,2614.899902,2539.149902,2547.449951,2437.240967,1213198,,,
07-09-2015,2553,2559.949951,2532.699951,2539.75,2429.874268,879592,,,
08-09-2015,2545,2564.100098,2523.5,2540.300049,2430.400635,893873,,,
09-09-2015,2562.949951,2574,2544,2549.75,2439.44165,1022538,,,
10-09-2015,2542,2578.5,2527,2545.399902,2435.279541,1332909,,,
11-09-2015,2546.5,2568.399902,2540.600098,2552,2441.594238,796336,,,
14-09-2015,2565,2565,2543,2551.649902,2441.259033,794659,,,
15-09-2015,2551.649902,2558.899902,2536,2537.25,2427.482422,689950,,,
16-09-2015,2555,2565,2541.050049,2550.350098,2440.015381,878408,,,
18-09-2015,2550.350098,2586,2539,2551.25,2440.876221,1227647,,,
21-09-2015,2550,2557.100098,2533.199951,2551.050049,2440.685059,554420,,,
22-09-2015,2557.5,2572.399902,2490,2526.800049,2417.484375,1040623,,,
23-09-2015,2534.300049,2557.75,2512.600098,2532.649902,2423.081055,614176,,,
24-09-2015,2535.5,2590,2529.899902,2580.399902,2468.765137,1177127,,,
28-09-2015,2580.399902,2619,2579.5,2593.699951,2481.490234,1183406,,,
29-09-2015,2583.350098,2634,2569.850098,2588.25,2476.276123,1662976,,,
30-09-2015,2643.699951,2643.699951,2570.949951,2588.050049,2476.084473,1684168,,,
01-10-2015,2599,2649.949951,2592.199951,2644.600098,2530.188232,1417204,,,
05-10-2015,2644.600098,2770,2644.600098,2711.649902,2594.337402,2403653,,,
06-10-2015,2725,2726,2684,2700,2583.191406,1989795,,,
07-10-2015,2693.949951,2717,2646.949951,2653.949951,2539.133545,1032765,,,
08-10-2015,2670,2678.350098,2620,2633.800049,2519.855469,1178775,,,
09-10-2015,2650.5,2650.600098,2608,2629.649902,2515.884521,1124862,,,
12-10-2015,2655,2660.350098,2587,2592.600098,2480.437988,1227956,,,
13-10-2015,2602.800049,2612,2567.600098,2598.550049,2486.130371,3089856,,,
14-10-2015,2548,2548,2480,2483.699951,2376.249268,4168564,,,
15-10-2015,2490,2503.5,2465,2467.75,2360.989258,1607855,,,
16-10-2015,2480.899902,2492,2470,2472,2365.054932,1166914,,,
19-10-2015,2490,2494.949951,2455.850098,2488.75,2381.080566,1565321,,,
20-10-2015,2496.25,2530,2495.600098,2526.75,2417.436523,1347542,,,
21-10-2015,2535,2542,2522.25,2530,2425.826172,964844,,,
23-10-2015,2530,2548,2527.300049,2537.149902,2437.981689,1167699,,,
26-10-2015,2549,2549,2515.100098,2536.550049,2437.405762,707315,,,
27-10-2015,2530.050049,2544.899902,2520.350098,2531.100098,2432.168213,765210,,,
28-10-2015,2510.050049,2533.550049,2510.050049,2529.100098,2430.246826,627671,,,
29-10-2015,2533.550049,2535.399902,2490.050049,2495.350098,2397.81543,1565158,,,
30-10-2015,2500,2511.899902,2485,2495.199951,2397.671875,758348,,,
02-11-2015,2500,2522.800049,2487.550049,2517.350098,2418.955566,659647,,,
03-11-2015,2528,2547.800049,2518.5,2543.449951,2444.035645,682453,,,
04-11-2015,2545,2547.199951,2520,2533.800049,2434.762451,495717,,,
05-11-2015,2530.800049,2534.949951,2480,2482.649902,2385.611572,798049,,,
06-11-2015,2492,2518.25,2483.449951,2505.75,2407.809082,454012,,,
09-11-2015,2495,2502.75,2468.600098,2471.350098,2374.753906,1010778,,,
10-11-2015,2472.949951,2477,2450,2458.149902,2362.069824,680960,,,
13-11-2015,2458.149902,2458.149902,2386.550049,2397.399902,2303.693848,1371616,,,
16-11-2015,2390,2390,2356,2374.600098,2281.7854,1021764,,,
17-11-2015,2380.5,2398.449951,2375,2390.550049,2297.111572,992514,,,
18-11-2015,2388.899902,2388.899902,2346,2351.449951,2259.540039,760176,,,
19-11-2015,2365.350098,2381.600098,2352,2362.550049,2270.206055,933453,,,
20-11-2015,2366.5,2423.550049,2361.949951,2398.350098,2304.606689,1006063,,,
23-11-2015,2405.300049,2413.399902,2382.25,2391.050049,2297.592285,544041,,,
24-11-2015,2380.050049,2392.449951,2365.5,2367.949951,2275.39502,499320,,,
26-11-2015,2367.949951,2382.399902,2337.850098,2345.550049,2253.870605,1457646,,,
27-11-2015,2348,2359.449951,2332.5,2353.350098,2261.365723,868603,,,
30-11-2015,2365,2391.25,2350.149902,2373.550049,2280.776367,2050024,,,
01-12-2015,2362.899902,2378.050049,2357.050049,2361.899902,2269.581787,860997,,,
02-12-2015,2378,2378.100098,2346.5,2365.199951,2272.75293,820148,,,
03-12-2015,2360,2373,2347,2350.75,2258.86792,1141679,,,
04-12-2015,2340,2347.300049,2321.100098,2328.399902,2237.390869,623046,,,
07-12-2015,2332.199951,2343.899902,2315.25,2319.800049,2229.127197,691302,,,
08-12-2015,2319.399902,2349,2317.300049,2329,2237.967773,569982,,,
09-12-2015,2337.899902,2372.800049,2320,2367.649902,2275.106934,2641403,,,
10-12-2015,2369,2391.199951,2352,2384.550049,2291.346191,861994,,,
11-12-2015,2383,2391.949951,2363.25,2386,2292.739258,826189,,,
14-12-2015,2335.199951,2387,2330.600098,2378.449951,2285.484863,1359266,,,
15-12-2015,2378.449951,2385,2363.050049,2375.850098,2282.986084,567934,,,
16-12-2015,2384,2414.5,2384,2408.399902,2314.26416,717967,,,
17-12-2015,2415,2445,2393.350098,2439.75,2344.388428,809422,,,
18-12-2015,2420,2434.199951,2400.649902,2416.800049,2322.335938,1512485,,,
21-12-2015,2419.949951,2450,2406.850098,2446.399902,2350.778809,805052,,,
22-12-2015,2440,2440,2400,2405.050049,2311.045166,780429,,,
23-12-2015,2415,2435,2410.550049,2425.800049,2330.983887,424917,,,
24-12-2015,2421,2438.199951,2404,2434.25,2339.10376,421580,,,
28-12-2015,2434.25,2466.399902,2420.199951,2462.699951,2366.441895,1852099,,,
29-12-2015,2458.350098,2465.300049,2445.75,2455.800049,2359.811768,854262,,,
30-12-2015,2453.050049,2459,2412.300049,2418.300049,2323.777344,802881,,,
31-12-2015,2415.75,2448.5,2407.5,2436.850098,2341.602295,620159,,,
01-01-2016,2439,2439,2412.25,2416.399902,2321.951172,356131,,,
04-01-2016,2410.149902,2414,2366.050049,2369.600098,2276.980957,935092,,,
05-01-2016,2385,2386.600098,2341,2348.949951,2257.137451,1339010,,,
06-01-2016,2350.199951,2386.149902,2350.199951,2381.600098,2288.511963,1326614,,,
07-01-2016,2370,2382.899902,2360,2371.25,2278.565918,1599790,,,
08-01-2016,2385,2407.350098,2372.5,2397.600098,2303.886475,953772,,,
11-01-2016,2382.5,2384,2348.850098,2362.350098,2270.013916,1465114,,,
12-01-2016,2362.699951,2365,2301.600098,2327.050049,2236.093994,1741297,,,
13-01-2016,2317,2327,2255.100098,2279.199951,2190.113525,2373046,,,
14-01-2016,2273,2298.899902,2250,2278.800049,2189.730225,1371026,,,
15-01-2016,2288.850098,2291.699951,2255,2261.100098,2172.721436,1634704,,,
18-01-2016,2262,2291.899902,2260,2277.649902,2188.624756,1106961,,,
19-01-2016,2277,2300,2268.300049,2279.300049,2190.209961,483955,,,
20-01-2016,2273.800049,2285,2243,2280.100098,2190.979004,807977,,,
21-01-2016,2285,2289.899902,2245.75,2254.5,2171.618164,1337768,,,
22-01-2016,2273,2302.050049,2260,2295.75,2211.351318,671589,,,
25-01-2016,2301.899902,2339,2291.5,2304.649902,2219.924072,698780,,,
27-01-2016,2304.649902,2329.949951,2281.899902,2319.75,2234.469238,813493,,,
28-01-2016,2315.5,2348.899902,2308.050049,2331.199951,2245.498047,1553330,,,
29-01-2016,2358.699951,2400,2335.050049,2391.300049,2303.388428,1117872,,,
01-02-2016,2391.100098,2412.949951,2359,2402.699951,2314.369873,747637,,,
02-02-2016,2409,2433,2379.699951,2398.100098,2309.938721,737794,,,
03-02-2016,2387.5,2429.899902,2360.300049,2416.300049,2327.469482,654346,,,
04-02-2016,2421.899902,2440,2402,2420.050049,2331.081787,625023,,,
05-02-2016,2408.100098,2439.949951,2408.100098,2421.949951,2332.911621,701498,,,
08-02-2016,2400,2412.050049,2347,2362.949951,2276.081055,531829,,,
09-02-2016,2333.600098,2333.600098,2255.600098,2281.399902,2197.528809,1244805,,,
10-02-2016,2275,2289.899902,2258.100098,2268.800049,2185.39209,945366,,,
11-02-2016,2280,2289,2171.649902,2197.949951,2117.146729,981204,,,
12-02-2016,2200,2243.399902,2164,2226.600098,2144.743896,1086284,,,
15-02-2016,2250,2306.850098,2240,2269.149902,2185.729248,1239856,,,
16-02-2016,2266,2282,2243,2265.550049,2182.261963,794351,,,
17-02-2016,2265,2279.649902,2246.399902,2275.550049,2191.894043,792589,,,
18-02-2016,2285,2319.75,2278,2315.850098,2230.712402,764570,,,
19-02-2016,2307.350098,2327,2305.449951,2319.649902,2234.372559,439506,,,
22-02-2016,2320.25,2343,2305,2315.899902,2230.760498,662442,,,
23-02-2016,2310.25,2319.899902,2256.75,2264,2180.768555,653426,,,
24-02-2016,2262.449951,2262.449951,2201.199951,2210.949951,2129.668945,829664,,,
25-02-2016,2219.800049,2228,2185.649902,2212.850098,2131.499268,915278,,,
26-02-2016,2229.699951,2256.899902,2199.600098,2210.5,2129.235596,768768,,,
29-02-2016,2237,2237,2115,2176.800049,2096.774658,1095859,,,
01-03-2016,2193,2285.100098,2162,2276.649902,2192.953613,999880,,,
02-03-2016,2305,2330,2256.25,2318.850098,2233.602051,763743,,,
03-03-2016,2336,2391,2301,2373.149902,2285.90625,1324142,,,
04-03-2016,2380,2380,2349.550049,2357.550049,2270.879883,756483,,,
08-03-2016,2357.550049,2367,2304.199951,2354.300049,2267.749023,634076,,,
09-03-2016,2341,2369.399902,2295.149902,2357.25,2270.590332,1008892,,,
10-03-2016,2356.050049,2359.850098,2314.949951,2348.300049,2261.969482,830833,,,
11-03-2016,2340,2390.850098,2335,2365.25,2278.296387,765264,,,
14-03-2016,2362,2398,2340,2355,2268.42334,818371,,,
15-03-2016,2349.050049,2363.5,2320.100098,2329.899902,2244.24585,811678,,,
16-03-2016,2315,2332,2306.899902,2327.050049,2241.500244,959123,,,
17-03-2016,2334,2361.800049,2332,2352.050049,2265.582031,1110544,,,
18-03-2016,2360,2430,2360,2425.850098,2336.668213,1602035,,,
21-03-2016,2426,2454.949951,2420,2446.25,2356.318359,1168491,,,
22-03-2016,2442,2485,2436.5,2473.100098,2382.181641,975992,,,
23-03-2016,2487.899902,2487.899902,2457.300049,2473.800049,2382.855713,1139217,,,
28-03-2016,2473.800049,2517.149902,2461.550049,2473.399902,2382.470215,1660441,,,
29-03-2016,2478,2486.949951,2455,2469.399902,2378.61792,919398,,,
30-03-2016,2470.899902,2505,2460,2489.5,2397.97876,1068252,,,
31-03-2016,2478.300049,2550,2472.149902,2520.300049,2427.646484,2181982,,,
01-04-2016,2505,2520.850098,2434.100098,2453.899902,2363.686768,1520700,,,
04-04-2016,2456,2488,2447,2471.25,2380.399658,876176,,,
05-04-2016,2470.800049,2484.899902,2442.050049,2462.75,2372.212158,745897,,,
06-04-2016,2470,2489,2459.350098,2481.899902,2390.657715,881575,,,
07-04-2016,2480,2484.699951,2457,2470.800049,2379.966064,1195471,,,
08-04-2016,2466,2473.699951,2427,2432.050049,2342.640625,699750,,,
11-04-2016,2433,2517,2413,2506.649902,2414.498047,1200324,,,
12-04-2016,2498,2525,2488.100098,2518.149902,2425.575439,651814,,,
13-04-2016,2530,2545,2512.5,2526.199951,2433.329346,800734,,,
18-04-2016,2526.199951,2553.5,2440,2519.75,2427.116943,3560752,,,
20-04-2016,2519.75,2534.899902,2440,2450.350098,2360.268311,3202512,,,
21-04-2016,2451,2467.399902,2412.199951,2424.399902,2335.272217,1262862,,,
22-04-2016,2419,2435.399902,2404.199951,2417.050049,2328.192139,982063,,,
25-04-2016,2402.300049,2457.050049,2402.300049,2451.25,2361.134521,1133827,,,
26-04-2016,2449,2493.5,2442,2489.800049,2398.267822,1277184,,,
27-04-2016,2480,2514.600098,2475.899902,2511.100098,2418.784668,924335,,,
28-04-2016,2501.300049,2540,2498.100098,2527.75,2434.822266,2496372,,,
29-04-2016,2517,2542,2510,2535.5,2442.287598,1186089,,,
02-05-2016,2529,2530,2500,2526.699951,2433.811279,558346,,,
03-05-2016,2525,2530,2472,2478.100098,2386.997559,1076559,,,
04-05-2016,2473.899902,2494.050049,2457,2478,2386.901611,682446,,,
05-05-2016,2478,2489.949951,2463.550049,2470.300049,2379.484619,623283,,,
06-05-2016,2465,2484.300049,2431,2473.399902,2382.470215,442799,,,
09-05-2016,2473.399902,2518,2456.399902,2512.550049,2420.181641,910638,,,
10-05-2016,2515,2533.949951,2496,2522.899902,2430.150879,579267,,,
11-05-2016,2500,2525.600098,2490,2518.300049,2425.719727,799358,,,
12-05-2016,2520.550049,2569.899902,2520.550049,2566.199951,2471.858398,756541,,,
13-05-2016,2565,2566,2510.149902,2523.399902,2430.631592,810865,,,
16-05-2016,2538,2564.800049,2522.5,2551.149902,2457.362061,555763,,,
17-05-2016,2564.199951,2591.25,2552,2570.199951,2475.711914,878349,,,
18-05-2016,2565.850098,2565.850098,2526.050049,2551.100098,2457.314209,750370,,,
19-05-2016,2555,2560,2526.100098,2556.949951,2462.948975,519396,,,
20-05-2016,2542.300049,2565.800049,2522.800049,2529.300049,2436.31543,615459,,,
23-05-2016,2544,2545.899902,2480.199951,2491.449951,2399.856689,766508,,,
24-05-2016,2484,2488.25,2459.600098,2467.699951,2376.97998,669579,,,
25-05-2016,2481,2532.949951,2481,2526.449951,2433.569824,774339,,,
26-05-2016,2530,2564.899902,2505.100098,2548.699951,2455.001953,971624,,,
27-05-2016,2553.149902,2579.850098,2550.600098,2572.649902,2478.071533,552338,,,
30-05-2016,2583,2641.949951,2582,2636.399902,2539.477783,674732,,,
31-05-2016,2640,2647,2562,2569.399902,2474.940918,1861304,,,
01-06-2016,2571.199951,2645,2571,2633.550049,2536.732666,955971,,,
02-06-2016,2600,2654.300049,2600,2650.149902,2552.7229,704378,,,
03-06-2016,2651.399902,2658,2620.5,2629.550049,2532.879883,777461,,,
06-06-2016,2620.5,2639,2603.199951,2612.5,2542.563721,661013,,,
07-06-2016,2614,2639,2613,2631.149902,2560.713867,601097,,,
08-06-2016,2617.25,2628.550049,2605.5,2613.100098,2543.147949,469133,,,
09-06-2016,2622.399902,2622.399902,2555.199951,2577.25,2508.257324,781069,,,
10-06-2016,2566,2603.25,2553.199951,2555.75,2487.333008,698416,,,
13-06-2016,2540,2553.350098,2518,2547,2478.816895,514989,,,
14-06-2016,2558.949951,2558.949951,2518.25,2534.850098,2466.992188,488785,,,
15-06-2016,2530,2564.899902,2522,2556.850098,2488.40332,635422,,,
16-06-2016,2545.550049,2564.699951,2516.449951,2558.300049,2489.814941,572535,,,
17-06-2016,2559,2610,2559,2602.600098,2532.928955,939494,,,
20-06-2016,2602.600098,2668,2591.800049,2659.300049,2588.110596,936419,,,
21-06-2016,2663.5,2665,2641.399902,2651.199951,2580.227539,513845,,,
22-06-2016,2650,2677.699951,2631.75,2667.649902,2596.236816,880856,,,
23-06-2016,2655,2659.5,2625.300049,2645.350098,2574.534424,698507,,,
24-06-2016,2565.149902,2593.199951,2514.149902,2573.949951,2505.045654,1883293,,,
27-06-2016,2547,2547,2482.649902,2495.850098,2429.036377,2136283,,,
28-06-2016,2495.850098,2502.899902,2458.399902,2463.949951,2397.98999,2249762,,,
29-06-2016,2475,2512.5,2465.300049,2502.899902,2435.897217,1265632,,,
30-06-2016,2522,2562.899902,2500.350098,2553.100098,2484.753662,2560906,,,
01-07-2016,2562,2564.600098,2494.350098,2500.850098,2433.902588,1098648,,,
04-07-2016,2516,2525.850098,2482,2494.199951,2427.430176,941742,,,
05-07-2016,2494.199951,2497.050049,2477.149902,2485.300049,2418.769043,779874,,,
07-07-2016,2485.300049,2491.850098,2425,2429.800049,2364.754639,1658400,,,
08-07-2016,2435,2442.050049,2403.5,2426.600098,2361.640137,1228178,,,
11-07-2016,2430,2471.800049,2427,2464.149902,2398.185059,771816,,,
12-07-2016,2471.699951,2475,2435.850098,2464.949951,2398.963379,732768,,,
13-07-2016,2478,2499.25,2451.25,2493.100098,2426.360107,1051150,,,
14-07-2016,2486,2529,2471,2521.899902,2454.388916,1349994,,,
15-07-2016,2517,2527.800049,2426.550049,2445.350098,2379.888184,4168183,,,
18-07-2016,2447,2469,2430.600098,2433.449951,2368.306396,1299425,,,
19-07-2016,2427.5,2472.800049,2427.5,2466.199951,2400.180176,1181448,,,
20-07-2016,2450,2502.5,2448.149902,2494.949951,2428.160156,1407626,,,
21-07-2016,2489.5,2519.5,2464.449951,2506.050049,2438.963623,1263574,,,
22-07-2016,2498.899902,2524,2492,2515.100098,2447.770996,758608,,,
25-07-2016,2512,2563.199951,2505.800049,2558.949951,2496.900391,844398,,,
26-07-2016,2558.949951,2568,2533,2552.600098,2490.704102,1155645,,,
27-07-2016,2555,2580.399902,2545,2577.550049,2515.049316,875255,,,
28-07-2016,2580.5,2629.550049,2577.050049,2619.25,2555.738037,2316040,,,
29-07-2016,2614,2634.899902,2599,2619.300049,2555.786621,1244042,,,
01-08-2016,2632,2725,2632,2708.25,2642.579834,1980852,,,
02-08-2016,2702.899902,2715.699951,2689.800049,2699.199951,2633.749268,1289081,,,
03-08-2016,2686,2699,2649.050049,2656.300049,2591.889648,1147351,,,
04-08-2016,2670,2682.949951,2636.25,2652,2587.693848,707708,,,
05-08-2016,2673.899902,2684.300049,2632,2649.100098,2584.864014,934242,,,
08-08-2016,2640,2668,2629.050049,2649.5,2585.254395,1029122,,,
09-08-2016,2658,2659.800049,2578.850098,2650.199951,2585.937256,1130957,,,
10-08-2016,2651,2682,2648,2675.399902,2610.526123,1031039,,,
11-08-2016,2665.550049,2715,2665.550049,2709.899902,2644.189453,1116569,,,
12-08-2016,2705,2744.800049,2702.050049,2738.449951,2672.047607,1163679,,,
16-08-2016,2738.449951,2740,2673.850098,2691.699951,2626.431396,1591877,,,
17-08-2016,2699,2699,2618,2624.550049,2560.909424,924283,,,
18-08-2016,2635,2657.550049,2630.100098,2638.550049,2574.570068,646032,,,
19-08-2016,2640,2646.449951,2600,2603.5,2540.369873,1208122,,,
22-08-2016,2588,2594.449951,2536.300049,2548.699951,2486.898438,1132637,,,
23-08-2016,2544.949951,2604.949951,2540.199951,2601.050049,2537.979004,751687,,,
24-08-2016,2589.800049,2602,2569.050049,2572.050049,2509.682617,558439,,,
25-08-2016,2580,2589.699951,2526,2551.050049,2489.19165,969845,,,
26-08-2016,2559.800049,2572.550049,2517.199951,2524.949951,2463.724121,625157,,,
29-08-2016,2534.949951,2534.949951,2466.75,2500.550049,2439.91626,744364,,,
30-08-2016,2510,2549.800049,2501.25,2544.149902,2482.45874,722013,,,
31-08-2016,2550,2550,2500.850098,2511.300049,2450.405518,1615834,,,
01-09-2016,2524.899902,2534.949951,2487.050049,2507.5,2446.697754,672868,,,
02-09-2016,2512,2519.399902,2496.050049,2514.800049,2453.820557,871165,,,
06-09-2016,2514.800049,2520.149902,2480,2484.050049,2423.816406,1119533,,,
07-09-2016,2499.699951,2499.699951,2423,2440.550049,2381.371338,1927020,,,
08-09-2016,2360,2360,2284.75,2322.100098,2265.793457,3510758,,,
09-09-2016,2329.699951,2366.649902,2320.050049,2352.449951,2295.407471,1371219,,,
12-09-2016,2337,2363.949951,2324,2359.050049,2301.847412,1012227,,,
14-09-2016,2359.050049,2377.600098,2310,2328.449951,2271.989258,1034929,,,
15-09-2016,2339.949951,2342.100098,2316.75,2326.949951,2270.525635,1409482,,,
16-09-2016,2336.699951,2376,2320,2361.699951,2304.432861,2179002,,,
19-09-2016,2365,2427,2350,2411.449951,2352.976807,1401273,,,
20-09-2016,2411,2416.899902,2385.399902,2406.5,2348.146973,592276,,,
21-09-2016,2407.699951,2424,2400.699951,2413.399902,2354.87915,839010,,,
22-09-2016,2425.25,2428,2371.100098,2378,2320.337891,1428787,,,
23-09-2016,2382,2403.850098,2371.149902,2398.100098,2339.950439,900363,,,
26-09-2016,2401.100098,2419.100098,2395,2401.100098,2342.877686,876738,,,
27-09-2016,2401.100098,2448,2401.100098,2436.100098,2377.029053,1019396,,,
28-09-2016,2431,2437.5,2415.199951,2423.050049,2364.295654,865664,,,
29-09-2016,2435,2456.5,2419.600098,2437.800049,2378.687988,1801979,,,
30-09-2016,2437.050049,2449.800049,2423.100098,2430.800049,2371.857422,1087682,,,
03-10-2016,2450,2457.649902,2401.100098,2411.699951,2353.220215,909440,,,
04-10-2016,2420,2425.050049,2398,2405.149902,2346.829102,890359,,,
05-10-2016,2408,2415.399902,2376.100098,2386.350098,2328.485352,588177,,,
06-10-2016,2395,2402.399902,2372.75,2388.75,2330.827393,1133786,,,
07-10-2016,2388,2388,2358.199951,2367.800049,2310.38501,908256,,,
10-10-2016,2369.899902,2386.899902,2355.050049,2380.300049,2322.582275,601071,,,
13-10-2016,2380.300049,2380.300049,2320.899902,2328.899902,2272.428467,2586667,,,
14-10-2016,2315,2387,2291,2366.199951,2308.823975,3870607,,,
17-10-2016,2368.899902,2375.800049,2344.399902,2362.449951,2305.165039,1364173,,,
18-10-2016,2376,2415.699951,2354.800049,2400.199951,2341.999268,1064316,,,
19-10-2016,2401,2410,2370.300049,2395.100098,2337.023193,992529,,,
20-10-2016,2396.899902,2409.350098,2386,2401.149902,2342.926758,632927,,,
21-10-2016,2400,2431.899902,2398.25,2428.649902,2369.759521,629830,,,
24-10-2016,2428.199951,2434.899902,2402.550049,2427.699951,2375.189453,626595,,,
25-10-2016,2405,2414.600098,2381,2398.449951,2346.572021,886233,,,
26-10-2016,2398.600098,2402.75,2372.5,2396.25,2344.419922,718565,,,
27-10-2016,2379.699951,2429.5,2365.5,2418.100098,2365.797119,1470801,,,
28-10-2016,2410,2415.100098,2388,2398.699951,2346.81665,876051,,,
01-11-2016,2398.699951,2399.699951,2334.149902,2350,2299.170166,1467388,,,
02-11-2016,2341,2344,2295,2304.050049,2254.214111,1162538,,,
03-11-2016,2294,2335,2284.5,2319.449951,2269.281006,731655,,,
04-11-2016,2320,2336.149902,2294,2330.550049,2280.140869,591876,,,
07-11-2016,2337.899902,2344.899902,2260.050049,2277.050049,2227.798096,1024026,,,
08-11-2016,2280.449951,2307,2260,2283.199951,2233.814941,966817,,,
09-11-2016,2180,2275,2142.850098,2169.850098,2122.916992,2250113,,,
10-11-2016,2204.800049,2217.5,2140.800049,2155.449951,2108.828125,1086213,,,
11-11-2016,2147.050049,2147.050049,2086.199951,2101.149902,2055.702881,1199212,,,
15-11-2016,2101.149902,2157.550049,2051.899902,2121.300049,2075.416748,3145162,,,
16-11-2016,2145.100098,2208.899902,2138,2189.600098,2142.239746,2009979,,,
17-11-2016,2185,2208.600098,2130.149902,2137.199951,2090.973145,1252344,,,
18-11-2016,2142,2150,2104.199951,2125.100098,2079.13501,1070267,,,
21-11-2016,2126.199951,2140,2105,2132.899902,2086.765869,896683,,,
22-11-2016,2132,2177.449951,2122.050049,2135,2088.820313,659430,,,
23-11-2016,2149,2162.949951,2127.199951,2156.350098,2109.70874,637904,,,
24-11-2016,2154.899902,2207.600098,2137,2188.449951,2141.114502,1513117,,,
25-11-2016,2212,2307.25,2192.199951,2300.350098,2250.593994,2138074,,,
28-11-2016,2294,2319.449951,2251.899902,2282.600098,2233.228271,962148,,,
29-11-2016,2275,2292,2252.550049,2259.850098,2210.969971,721148,,,
30-11-2016,2265,2294.75,2242.300049,2276.050049,2226.819824,1722916,,,
01-12-2016,2277,2290,2254.050049,2263.449951,2214.492432,561526,,,
02-12-2016,2258,2270.800049,2205.199951,2221.850098,2173.792236,999016,,,
05-12-2016,2229,2237.850098,2170,2186,2138.717285,1124763,,,
06-12-2016,2190,2203.949951,2169.899902,2182.350098,2135.146484,796722,,,
07-12-2016,2182.199951,2184.449951,2145.649902,2154.550049,2107.947998,1032853,,,
08-12-2016,2160.5,2199,2160,2195.75,2148.256592,1619773,,,
09-12-2016,2205,2219.899902,2173.300049,2195.25,2147.767822,794359,,,
12-12-2016,2194.800049,2217.600098,2163,2208.199951,2160.437256,655879,,,
13-12-2016,2218,2218,2183,2200.300049,2152.708496,1073767,,,
14-12-2016,2214,2224.699951,2189,2207.600098,2159.850586,935183,,,
15-12-2016,2202,2272.100098,2202,2259.300049,2210.431885,2147705,,,
16-12-2016,2277,2290,2252,2282.649902,2233.276855,993615,,,
19-12-2016,2280,2297.699951,2261.300049,2288.899902,2239.391846,667105,,,
20-12-2016,2292,2345,2287.050049,2339.300049,2288.70166,1461380,,,
21-12-2016,2343.800049,2343.800049,2305.600098,2313.600098,2263.557617,1017451,,,
22-12-2016,2306,2325,2286.199951,2307.699951,2257.784912,934150,,,
23-12-2016,2300,2317.75,2278.800049,2288.100098,2238.609131,559477,,,
26-12-2016,2266,2301.600098,2266,2293.100098,2243.501221,448704,,,
27-12-2016,2281.5,2330,2281.5,2323.399902,2273.145508,647346,,,
28-12-2016,2326.699951,2349.899902,2303.149902,2313.399902,2263.361816,675209,,,
29-12-2016,2303,2359.899902,2303,2351.699951,2300.833496,981758,,,
30-12-2016,2354.899902,2378.600098,2345.649902,2365.550049,2314.384033,702874,,,
02-01-2017,2366.600098,2375.100098,2352.399902,2361.350098,2310.274658,411566,,,
03-01-2017,2361.25,2371.699951,2343.300049,2368.25,2317.025391,737662,,,
04-01-2017,2369.699951,2388.850098,2358.300049,2379.5,2328.032227,710033,,,
05-01-2017,2384,2389.949951,2320.399902,2334.399902,2283.907227,1108202,,,
06-01-2017,2321,2329.350098,2257.100098,2281.399902,2232.053955,1504948,,,
09-01-2017,2275,2311.300049,2257,2303.699951,2253.871582,927289,,,
10-01-2017,2304,2329.800049,2291.5,2315.350098,2265.269531,766957,,,
11-01-2017,2315,2329.600098,2280.199951,2324.399902,2274.123779,965648,,,
12-01-2017,2324.399902,2360,2304,2344.350098,2293.642334,1285187,,,
13-01-2017,2348,2357.949951,2237.850098,2249.300049,2200.648438,5117790,,,
16-01-2017,2250,2273.899902,2228,2258.550049,2209.698242,1682404,,,
17-01-2017,2254.899902,2287.800049,2252.800049,2278.75,2229.461426,1504978,,,
18-01-2017,2278,2298,2265.449951,2295.100098,2245.457764,1568287,,,
19-01-2017,2295,2295.149902,2282.949951,2291,2241.446533,1125838,,,
20-01-2017,2287,2300,2265,2285.350098,2235.918701,1018623,,,
23-01-2017,2265,2313.5,2259.800049,2306.699951,2263.243896,1159273,,,
24-01-2017,2304,2323,2290,2318.350098,2274.674316,1141319,,,
25-01-2017,2322.600098,2360,2318.050049,2353,2308.671631,2055824,,,
27-01-2017,2353,2378.75,2345.050049,2357.800049,2313.381104,1435829,,,
30-01-2017,2341,2351.949951,2318.149902,2332.899902,2288.950195,1288978,,,
31-01-2017,2320,2332.050049,2200.050049,2229.800049,2187.79248,2333402,,,
01-02-2017,2220,2239.949951,2155.550049,2167.899902,2127.058594,2432076,,,
02-02-2017,2170.050049,2219,2153,2207.649902,2166.05957,3004741,,,
03-02-2017,2209.699951,2243,2191,2232.550049,2190.490967,1076686,,,
06-02-2017,2258,2258.5,2214.949951,2240.75,2198.536133,1204455,,,
07-02-2017,2244,2252.600098,2226,2244.600098,2202.313965,907319,,,
08-02-2017,2244.899902,2282.600098,2244.050049,2270.949951,2228.16748,1106292,,,
09-02-2017,2275,2328,2270.199951,2317.300049,2273.644043,2016601,,,
10-02-2017,2311,2424.449951,2311,2397.949951,2352.774658,2891080,,,
13-02-2017,2396,2429,2382.350098,2414.25,2368.767822,1909906,,,
14-02-2017,2419.649902,2419.649902,2398,2406.25,2360.918213,1016664,,,
15-02-2017,2397,2428,2375.100098,2413.699951,2368.228027,962486,,,
16-02-2017,2460,2478,2435.600098,2447.75,2401.636719,2087840,,,
17-02-2017,2472,2475.600098,2402,2407.899902,2362.537109,1361662,,,
20-02-2017,2425,2555,2408.100098,2502.199951,2455.060791,1986974,,,
21-02-2017,2514,2525.899902,2455.149902,2465.350098,2418.905029,2750556,,,
22-02-2017,2465.899902,2470,2400.149902,2411.5,2366.069336,2252748,,,
23-02-2017,2415,2493.25,2415,2481.800049,2435.04541,2426676,,,
27-02-2017,2481.800049,2502,2470.050049,2489.850098,2442.943604,1069946,,,
28-02-2017,2489.5,2490,2450,2466.25,2419.788086,1177414,,,
01-03-2017,2479.899902,2501.899902,2470,2479.550049,2432.837891,565187,,,
02-03-2017,2486.699951,2510,2470.050049,2501.449951,2454.324707,772471,,,
03-03-2017,2492,2499.699951,2475.399902,2494.050049,2447.064697,506985,,,
06-03-2017,2480,2484,2454.550049,2472.5,2425.92041,700347,,,
07-03-2017,2482.899902,2505,2475.050049,2499.800049,2452.706055,755836,,,
08-03-2017,2502,2520,2492.199951,2512.199951,2464.872559,895755,,,
09-03-2017,2514.149902,2524,2504.050049,2519.75,2472.280273,429234,,,
10-03-2017,2519.600098,2549.550049,2513.949951,2542.25,2494.356445,585710,,,
14-03-2017,2542.25,2587.149902,2542.25,2567.5,2519.130615,1701147,,,
15-03-2017,2572,2572.149902,2493.850098,2498.300049,2451.234131,1511248,,,
16-03-2017,2506,2527,2506,2520.899902,2473.408447,785909,,,
17-03-2017,2546,2546,2509.75,2525.75,2478.167236,1296576,,,
20-03-2017,2525.949951,2525.949951,2466,2480,2433.279297,1743770,,,
21-03-2017,2482,2492,2465,2486.699951,2439.852783,1686850,,,
22-03-2017,2480.149902,2496,2469.949951,2478.949951,2432.249023,944358,,,
23-03-2017,2482,2485.050049,2447.199951,2460.350098,2413.999268,1310319,,,
24-03-2017,2469.800049,2469.800049,2423.300049,2427.199951,2381.473877,2549907,,,
27-03-2017,2426.949951,2440,2406,2412.050049,2366.609131,1090635,,,
28-03-2017,2410,2443.399902,2410,2429.949951,2384.172119,576579,,,
29-03-2017,2436,2450.800049,2425.600098,2444.600098,2398.546143,858882,,,
30-03-2017,2444.899902,2465,2435,2441,2395.013428,1493043,,,
31-03-2017,2438.399902,2440.850098,2415,2431.800049,2385.987061,933522,,,
03-04-2017,2435,2435,2408.199951,2411.699951,2366.265869,598444,,,
05-04-2017,2411.699951,2419.899902,2395,2401.25,2356.012695,1452784,,,
06-04-2017,2400,2410,2392.550049,2400.050049,2354.835449,860352,,,
07-04-2017,2394.899902,2433.25,2392.149902,2429.050049,2383.288818,1138506,,,
10-04-2017,2432,2449,2405,2422.25,2376.617188,1271632,,,
11-04-2017,2417.300049,2443.100098,2406,2419.300049,2373.722412,778892,,,
12-04-2017,2422.5,2428,2383,2393.25,2348.16333,525269,,,
13-04-2017,2400,2409,2321.050049,2328.649902,2284.780029,1250236,,,
17-04-2017,2328.649902,2332.899902,2295.149902,2314.850098,2271.240234,1135441,,,
18-04-2017,2330,2334.199951,2302.050049,2308.800049,2265.304199,865310,,,
19-04-2017,2263.5,2348.699951,2252.800049,2299.149902,2255.835938,2813406,,,
20-04-2017,2305.300049,2332,2290.949951,2325.5,2281.689697,634421,,,
21-04-2017,2329.100098,2335.649902,2301,2310.800049,2267.266602,580577,,,
24-04-2017,2300,2339.649902,2282.5,2328.100098,2284.240723,1000010,,,
25-04-2017,2328,2344.449951,2302.699951,2311.5,2267.953125,1574355,,,
26-04-2017,2340,2343.949951,2303.050049,2310.350098,2266.825195,1093719,,,
27-04-2017,2306.050049,2327.800049,2277.649902,2302.649902,2259.270264,2886593,,,
28-04-2017,2294,2298.75,2268,2273.149902,2230.325928,1270255,,,
02-05-2017,2273.149902,2302,2273.149902,2289.899902,2246.76001,1191348,,,
03-05-2017,2295,2345,2268.5,2337.300049,2293.267578,1757203,,,
04-05-2017,2349.949951,2350,2308.800049,2330.100098,2286.203369,1354104,,,
05-05-2017,2308,2332.5,2302.5,2320.5,2276.78418,841237,,,
08-05-2017,2321,2347.399902,2317.699951,2342.449951,2298.320068,535891,,,
09-05-2017,2343.949951,2361,2332.550049,2352.550049,2308.22998,895135,,,
10-05-2017,2355,2356.149902,2316,2332.449951,2288.508789,603194,,,
11-05-2017,2347.300049,2360,2322.75,2349.449951,2305.188477,1035651,,,
12-05-2017,2343.300049,2369.899902,2320.050049,2360.649902,2316.177246,1157223,,,
15-05-2017,2375.100098,2377.949951,2341.600098,2365.100098,2320.543945,908802,,,
16-05-2017,2380,2435,2373.449951,2429.149902,2383.386719,1800513,,,
17-05-2017,2433.5,2460.75,2423,2455.350098,2409.093506,1438099,,,
18-05-2017,2450,2572,2442.25,2536.199951,2488.420166,2569297,,,
19-05-2017,2536.199951,2540.550049,2486,2507.149902,2459.917725,893022,,,
22-05-2017,2510,2553.75,2510,2531.350098,2483.661865,831970,,,
23-05-2017,2533.199951,2564.149902,2514,2521.699951,2474.193359,1374298,,,
24-05-2017,2534.800049,2570,2529.649902,2559.149902,2510.938232,1267274,,,
25-05-2017,2577,2637.550049,2568,2624.600098,2575.155273,2047047,,,
26-05-2017,2625,2626.850098,2564.649902,2578.25,2529.678223,681275,,,
29-05-2017,2579,2596.5,2564,2572.850098,2524.379883,874645,,,
30-05-2017,2560,2575.949951,2525,2551.100098,2503.039551,463817,,,
31-05-2017,2533,2572.5,2528,2546.600098,2498.624512,1251365,,,
01-06-2017,2530,2564,2530,2553.600098,2505.492676,540032,,,
02-06-2017,2556.25,2591.850098,2552.5,2564.899902,2516.57959,677824,,,
05-06-2017,2565,2619.899902,2560.149902,2603.949951,2554.894043,750094,,,
06-06-2017,2631,2708.949951,2630,2696,2645.209961,2973360,,,
07-06-2017,2697,2700,2576.550049,2615.25,2565.980957,2463888,,,
08-06-2017,2598,2604.949951,2515.5,2521.600098,2474.095215,1665357,,,
09-06-2017,2520,2547.399902,2486,2507,2459.770264,1574017,,,
12-06-2017,2497,2512.899902,2470.399902,2487.199951,2440.343506,813253,,,
13-06-2017,2465,2481.100098,2447,2451.550049,2432.257568,587707,,,
14-06-2017,2455,2476,2455,2470.199951,2450.760742,744571,,,
15-06-2017,2469,2469.699951,2405,2411.199951,2392.225098,1498599,,,
16-06-2017,2414.949951,2435,2386.5,2399.699951,2380.81543,1225213,,,
19-06-2017,2416.899902,2446.350098,2405.149902,2431.699951,2412.563721,822371,,,
20-06-2017,2431,2449,2380.300049,2445,2425.759277,835479,,,
21-06-2017,2440,2442.149902,2397.199951,2406.300049,2387.36377,828909,,,
22-06-2017,2409,2431,2385,2394.850098,2376.003906,2887941,,,
23-06-2017,2399.399902,2413.949951,2354,2361.699951,2343.114502,712378,,,
27-06-2017,2361.699951,2384.699951,2331.600098,2342.850098,2324.412842,987165,,,
28-06-2017,2349.899902,2358,2335,2350.050049,2331.556641,894863,,,
29-06-2017,2359,2372.050049,2323.100098,2333.25,2314.888672,1235913,,,
30-06-2017,2324.399902,2377,2323.100098,2362.350098,2343.759521,876924,,,
03-07-2017,2357.399902,2383.050049,2343.100098,2373.600098,2354.921143,737978,,,
04-07-2017,2373.300049,2380.449951,2350.050049,2366.850098,2348.224121,607567,,,
05-07-2017,2360.800049,2365,2345,2356,2337.459473,407928,,,
06-07-2017,2359,2361.899902,2340.100098,2347.550049,2329.075928,513394,,,
07-07-2017,2350,2356.449951,2325.5,2331.949951,2313.598633,616045,,,
10-07-2017,2406,2444.899902,2378.949951,2434.949951,2415.788086,391804,,,
11-07-2017,2426,2514.800049,2426,2475.800049,2456.31665,1768752,,,
12-07-2017,2482.5,2483.300049,2430.100098,2439.449951,2420.252686,1323225,,,
13-07-2017,2445,2472,2426.600098,2446.399902,2427.147949,1565980,,,
14-07-2017,2383,2425,2375,2397.449951,2378.583252,2254216,,,
17-07-2017,2397.699951,2422.100098,2382.199951,2395.449951,2376.598877,1105911,,,
18-07-2017,2396.149902,2443,2396.149902,2408.350098,2389.397705,954001,,,
19-07-2017,2415.5,2460,2415.100098,2449.600098,2430.322998,1957788,,,
20-07-2017,2449.25,2456.899902,2430.5,2444.699951,2425.461426,591252,,,
21-07-2017,2434.899902,2500,2434.550049,2491.199951,2471.595459,1074208,,,
24-07-2017,2482,2540,2482,2530.699951,2517.859375,1135701,,,
25-07-2017,2525.75,2580,2518.399902,2571.5,2558.452637,1339416,,,
26-07-2017,2560,2575,2547,2556,2543.03125,729913,,,
27-07-2017,2542.199951,2584.800049,2466.5,2481.699951,2469.108154,2127652,,,
28-07-2017,2481,2493.050049,2442,2484.300049,2471.695068,691376,,,
31-07-2017,2471,2519,2463,2491.800049,2479.156982,1009831,,,
01-08-2017,2500,2520.75,2491,2501.649902,2488.956787,873730,,,
02-08-2017,2500,2508,2462,2473.800049,2461.248291,625512,,,
03-08-2017,2480,2502,2466.449951,2489.449951,2476.818848,941274,,,
04-08-2017,2490.800049,2528.300049,2488,2522.800049,2509.999756,693945,,,
07-08-2017,2516.5,2520,2481.199951,2503.449951,2490.747803,942760,,,
08-08-2017,2512,2528.600098,2496.300049,2503.050049,2490.349854,536979,,,
09-08-2017,2500,2522.850098,2493.300049,2512,2499.254395,496473,,,
10-08-2017,2509,2520.600098,2486.350098,2511.449951,2498.707031,763086,,,
11-08-2017,2499.899902,2535,2483,2496.050049,2483.385498,697368,,,
14-08-2017,2503,2509.899902,2463,2469.399902,2456.870605,393252,,,
16-08-2017,2469.399902,2543.800049,2465.199951,2492.350098,2479.704346,686670,,,
17-08-2017,2500.699951,2505,2462.100098,2485.649902,2473.038086,876187,,,
18-08-2017,2474,2549.899902,2471.399902,2513.800049,2501.04541,1418678,,,
21-08-2017,2505.5,2549,2494.300049,2528.800049,2515.969238,1152417,,,
22-08-2017,2523,2539.5,2492,2497.550049,2484.87793,565663,,,
23-08-2017,2505,2516.800049,2473.149902,2489.449951,2476.818848,781136,,,
24-08-2017,2497.699951,2517.949951,2486.149902,2496.600098,2483.932861,811954,,,
28-08-2017,2496.600098,2505.399902,2461,2487.300049,2474.679932,1018398,,,
29-08-2017,2482,2496,2463.949951,2470.850098,2458.313477,656301,,,
30-08-2017,2481,2490,2460.100098,2484.550049,2471.943848,485391,,,
31-08-2017,2485,2504.399902,2466.649902,2496.350098,2483.683838,892332,,,
01-09-2017,2480,2498.050049,2436.550049,2456.449951,2443.986328,851165,,,
04-09-2017,2453.100098,2461,2438,2456.199951,2443.737549,531272,,,
05-09-2017,2460,2490,2437.050049,2484.350098,2471.744873,582997,,,
06-09-2017,2468.149902,2474.850098,2450,2453.199951,2440.752686,614382,,,
07-09-2017,2458,2468.399902,2451.050049,2460.100098,2447.617676,435318,,,
08-09-2017,2453.75,2474,2452.550049,2470.600098,2458.064697,510567,,,
11-09-2017,2471.199951,2482.949951,2450,2454.449951,2441.996338,366382,,,
12-09-2017,2473.899902,2497,2457,2488.449951,2475.823975,698230,,,
13-09-2017,2500,2531.649902,2475.199951,2489.199951,2476.570068,639490,,,
14-09-2017,2482,2497.600098,2471.899902,2486.949951,2474.331543,540755,,,
15-09-2017,2499,2517,2485,2506.050049,2493.334717,1472036,,,
18-09-2017,2504.949951,2518.949951,2489.25,2499.050049,2486.370117,363300,,,
19-09-2017,2505,2505,2491.5,2498.25,2485.574219,391377,,,
20-09-2017,2514,2514,2474.300049,2493.550049,2480.897949,667321,,,
21-09-2017,2491.050049,2541,2480,2524.899902,2512.088867,1219370,,,
22-09-2017,2519.899902,2526.899902,2492,2503.600098,2490.897217,1217698,,,
25-09-2017,2496.550049,2534,2492.75,2510.75,2498.010742,799779,,,
26-09-2017,2510,2526.399902,2466,2474.649902,2462.093994,724615,,,
27-09-2017,2490,2512.199951,2473.75,2495,2482.340576,1005178,,,
28-09-2017,2494.699951,2514,2452,2476.449951,2463.88501,2166433,,,
29-09-2017,2479,2484,2421.5,2435.949951,2423.590332,992507,,,
03-10-2017,2435.949951,2454.300049,2427.050049,2448.449951,2436.026855,961503,,,
04-10-2017,2449.600098,2454,2425,2442.300049,2429.907959,650389,,,
05-10-2017,2441,2443.449951,2424.399902,2429.600098,2417.272705,842343,,,
06-10-2017,2430,2455,2428.050049,2446.649902,2434.23584,694594,,,
09-10-2017,2441.050049,2467.949951,2441.050049,2454.100098,2441.648193,886808,,,
10-10-2017,2455,2469.949951,2451.25,2459.25,2446.772217,611005,,,
11-10-2017,2460,2514.449951,2456.75,2500.350098,2487.663818,763873,,,
12-10-2017,2513,2555,2507,2548.199951,2535.270752,2503178,,,
13-10-2017,2548.199951,2608.949951,2523,2558.600098,2545.618164,2033160,,,
16-10-2017,2555.050049,2590,2555.050049,2584.399902,2571.286865,609295,,,
17-10-2017,2585,2614.949951,2577.550049,2594.550049,2581.385498,721508,,,
18-10-2017,2595,2613.649902,2580,2586.600098,2573.476074,757072,,,
19-10-2017,2592,2595.800049,2571,2583.899902,2570.789551,43411,,,
23-10-2017,2583.899902,2629,2547.449951,2587.899902,2574.769287,943044,,,
24-10-2017,2620,2620.899902,2569.050049,2578.399902,2565.317383,669510,,,
25-10-2017,2578.5,2614,2555,2559.899902,2553.844727,552553,,,
26-10-2017,2535.100098,2569.149902,2517.899902,2538.850098,2532.844727,1503776,,,
27-10-2017,2538,2593.149902,2530.300049,2584.300049,2578.187012,704635,,,
30-10-2017,2586,2620,2581.699951,2616.199951,2610.011475,568626,,,
31-10-2017,2601.300049,2640,2601.300049,2624,2617.793213,796317,,,
01-11-2017,2624,2626.850098,2578.850098,2602.850098,2596.693359,370941,,,
02-11-2017,2608.5,2674,2606.75,2626.149902,2619.937988,734211,,,
03-11-2017,2632.399902,2636.699951,2602.800049,2620.100098,2613.902588,333443,,,
06-11-2017,2620,2671.800049,2611.75,2665.550049,2659.244873,688500,,,
07-11-2017,2670,2768,2666.050049,2710.050049,2703.639648,1348446,,,
08-11-2017,2723,2759,2718.25,2735,2728.530518,701126,,,
09-11-2017,2750,2750,2719.300049,2736.399902,2729.927246,576216,,,
10-11-2017,2722.199951,2726,2693.350098,2708.75,2702.342773,678283,,,
13-11-2017,2702.050049,2777.399902,2702.050049,2758.949951,2752.423828,748498,,,
14-11-2017,2756.550049,2756.550049,2707.5,2714.600098,2708.178955,828626,,,
15-11-2017,2706,2755,2701.350098,2705.300049,2698.900879,3335417,,,
16-11-2017,2710,2763,2686.949951,2746.649902,2740.152832,826741,,,
17-11-2017,2748.100098,2748.100098,2703.600098,2707.300049,2700.89624,662732,,,
20-11-2017,2715,2726.899902,2695.300049,2703.449951,2697.055176,507249,,,
21-11-2017,2701,2701,2666,2672.949951,2666.627441,763870,,,
22-11-2017,2673,2709.699951,2672.399902,2680.649902,2674.309082,911312,,,
23-11-2017,2681,2693,2669,2681.25,2674.907715,396735,,,
24-11-2017,2682,2702.899902,2673.100098,2688.050049,2681.69165,1143756,,,
27-11-2017,2688,2695.899902,2662.199951,2685.850098,2679.49707,928393,,,
28-11-2017,2686,2702.399902,2670,2685.300049,2678.948242,455858,,,
29-11-2017,2677.5,2693,2650,2658.149902,2651.862305,723766,,,
30-11-2017,2653.649902,2666.949951,2623,2637,2630.762451,2149981,,,
01-12-2017,2635,2668,2621.5,2629.949951,2623.729004,515572,,,
04-12-2017,2622,2658.5,2602.949951,2632.350098,2626.123535,629552,,,
05-12-2017,2631,2651.699951,2628.149902,2635.550049,2629.315918,583957,,,
06-12-2017,2636,2645,2612.850098,2633.300049,2627.071289,703759,,,
07-12-2017,2632.300049,2645.949951,2615,2617.25,2611.059082,663150,,,
08-12-2017,2618,2645,2597,2601.5,2595.346436,692774,,,
11-12-2017,2608.350098,2672.649902,2608.350098,2661.100098,2654.80542,504001,,,
12-12-2017,2661,2662,2607.399902,2612.149902,2605.971191,941123,,,
13-12-2017,2611.399902,2651.449951,2601,2628.399902,2622.182617,1480729,,,
14-12-2017,2632,2632,2531.100098,2557.800049,2551.749756,2752075,,,
15-12-2017,2563.75,2584.449951,2536.850098,2545.600098,2539.578613,1359069,,,
18-12-2017,2537,2588.949951,2494.350098,2580.5,2574.395996,1090332,,,
19-12-2017,2576,2597.800049,2564.699951,2575.300049,2569.208496,900976,,,
20-12-2017,2582,2592.75,2550.649902,2588.949951,2582.825928,788785,,,
21-12-2017,2587,2608,2580.050049,2595.699951,2589.560059,646824,,,
22-12-2017,2604,2663.899902,2590.199951,2646.75,2640.489258,1832832,,,
26-12-2017,2646.75,2689.75,2631.600098,2649.449951,2643.182861,1087893,,,
27-12-2017,2649.449951,2658.5,2610.5,2619.899902,2613.702881,369642,,,
28-12-2017,2608.800049,2653.5,2605.649902,2626.949951,2620.736084,1302544,,,
29-12-2017,2623.100098,2708.899902,2618.550049,2701.199951,2694.810547,1304771,,,
01-01-2018,2682.300049,2694.800049,2635,2645.600098,2639.342285,675880,,,
02-01-2018,2660,2669.600098,2620.199951,2631.199951,2624.976074,960145,,,
03-01-2018,2632,2669,2631.199951,2638.649902,2632.408447,628560,,,
04-01-2018,2650,2662,2640,2657.100098,2650.814941,456541,,,
05-01-2018,2650,2699.5,2650,2689.199951,2682.838867,576853,,,
08-01-2018,2700,2726.850098,2681.850098,2714.399902,2707.979248,621110,,,
09-01-2018,2715,2721,2676.550049,2709,2702.592041,1074698,,,
10-01-2018,2711,2816,2694.649902,2806.600098,2799.961426,1682925,,,
11-01-2018,2810,2821.899902,2782.199951,2790.5,2783.899414,1260372,,,
12-01-2018,2805,2805,2740.550049,2776.350098,2769.782959,1680157,,,
15-01-2018,2777.149902,2808,2735.050049,2746.100098,2739.604492,728607,,,
16-01-2018,2756,2861.649902,2750.550049,2850.850098,2844.106689,2133876,,,
17-01-2018,2870,2925,2862.149902,2888.949951,2882.116455,2140403,,,
18-01-2018,2897,2933,2868.050049,2918.199951,2911.297119,1104739,,,
19-01-2018,2930.550049,2982,2903.649902,2959.300049,2952.300049,910000,,,
22-01-2018,2961,3134.699951,2922,3116.399902,3116.399902,2183555,,,
23-01-2018,3114.949951,3142.350098,3090.050049,3102,3102,1619805,,,
24-01-2018,3090,3259.050049,3082.649902,3174.600098,3174.600098,2810769,,,
25-01-2018,3175,3179.800049,3081,3121.050049,3121.050049,1916922,,,
29-01-2018,3121.050049,3225,3121.050049,3198.850098,3198.850098,1570530,,,
30-01-2018,3180,3203.800049,3143.699951,3152.850098,3152.850098,787379,,,
31-01-2018,3137,3150,3098.600098,3112.350098,3112.350098,1521607,,,
01-02-2018,3124,3190,3088.800049,3138.600098,3138.600098,1200315,,,
02-02-2018,3120,3190,3103.449951,3153.649902,3153.649902,1228245,,,
05-02-2018,3110,3188,3076.850098,3103.199951,3103.199951,1378871,,,
06-02-2018,3010,3077.149902,2985,2997.25,2997.25,1328653,,,
07-02-2018,3027,3031,2947.449951,2955.050049,2955.050049,1090162,,,
08-02-2018,2979.75,3027.600098,2959,2974.199951,2974.199951,1377502,,,
09-02-2018,2950,2994,2896.649902,2971.699951,2971.699951,1051229,,,
12-02-2018,2978.300049,3023.350098,2955.550049,2967.300049,2967.300049,987281,,,
14-02-2018,2967.300049,2974.449951,2892.5,2911.800049,2911.800049,1423766,,,
15-02-2018,2931.949951,2943,2905.100098,2925.850098,2925.850098,1232618,,,
16-02-2018,2923,2999.600098,2923,2933.050049,2933.050049,1257878,,,
19-02-2018,2945,2953.300049,2895.199951,2923.600098,2923.600098,784112,,,
20-02-2018,2928,2985.050049,2927.899902,2944.75,2944.75,944534,,,
21-02-2018,2974,3062.600098,2960.050049,3042.300049,3042.300049,1544614,,,
22-02-2018,3052,3079,3022.5,3050.199951,3050.199951,1731505,,,
23-02-2018,3050,3089,2992.100098,3075.800049,3075.800049,1681250,,,
26-02-2018,3075,3089.949951,3021.199951,3031.699951,3031.699951,681941,,,
27-02-2018,3041,3078.550049,3032,3042.350098,3042.350098,858900,,,
28-02-2018,3035,3063.949951,3021.449951,3035.050049,3035.050049,1353432,,,
01-03-2018,3049,3061.199951,3020,3037.699951,3037.699951,859062,,,
05-03-2018,3037.699951,3113.649902,3032.949951,3105.850098,3105.850098,1429084,,,
06-03-2018,3122,3127,3030.149902,3042.800049,3042.800049,953292,,,
07-03-2018,3070,3089,3018.5,3027.449951,3027.449951,958886,,,
08-03-2018,3054.899902,3054.899902,2987.5,3003.949951,3003.949951,975913,,,
09-03-2018,3005,3063.199951,2977.199951,3034.100098,3034.100098,936218,,,
12-03-2018,3043,3083.899902,3035.5,3052.149902,3052.149902,1045670,,,
13-03-2018,2924.899902,2939.699951,2872,2886.800049,2886.800049,44033577,,,
14-03-2018,2892.949951,2923.050049,2875.050049,2886.899902,2886.899902,1834334,,,
15-03-2018,2895,2902.550049,2855.600098,2869.699951,2869.699951,1174453,,,
16-03-2018,2868.800049,2872,2805,2825.699951,2825.699951,3598741,,,
19-03-2018,2829,2848,2820,2831,2831,1744970,,,
20-03-2018,2820,2873.199951,2819,2864.850098,2864.850098,2012492,,,
21-03-2018,2872.5,2884.300049,2850,2856.75,2856.75,1953839,,,
22-03-2018,2859.949951,2875.949951,2822.550049,2831.350098,2831.350098,1163047,,,
23-03-2018,2802,2834.100098,2798.050049,2818.149902,2818.149902,1827061,,,
26-03-2018,2819,2827.399902,2781.550049,2817,2817,1482105,,,
27-03-2018,2825,2863,2823.050049,2847.699951,2847.699951,1247287,,,
28-03-2018,2835.899902,2875,2825,2849.149902,2849.149902,3432827,,,
02-04-2018,2849.149902,2914,2840,2909.649902,2909.649902,831494,,,
03-04-2018,2892.100098,2929.899902,2892.100098,2911.25,2911.25,968645,,,
04-04-2018,2929.449951,2934,2892,2910.899902,2910.899902,1420910,,,
